cinema_code,address,cinema_name,tell,x_axis,y_axis
1088,서울특별시 용산구 한강대로21나길 17 아이파크몰6층 (한강로3가),HRW 한강로3가점,1111-1111,126.9634013,37.52763164
1154,서울특별시 성동구 왕십리광장로 17 (행당동),HRW 행당동점,1111-1111,127.0383945,37.56144191
1293,서울특별시 강남구 강남대로 422 (역삼동),HRW 역삼동점,1111-1111,127.0269843,37.50039312
1251,서울특별시 광진구 아차산로30길 26 (자양동),HRW 자양동점,1111-1111,127.0668883,37.53976059
1290,서울특별시 동작구 시흥대로 606 (신대방동 동작 협성휴포레 시그니처),HRW 신대방동 협성휴포레 시그니처점,1111-1111,126.9048346,37.48631872
1205,서울특별시 서대문구 신촌로 129 (창천동),HRW 창천동점,1111-1111,126.9403287,37.55656511
1121,서울특별시 광진구 아차산로 272 (자양동),HRW 자양동점,1111-1111,127.0729963,37.5385588
1274,서울특별시 성동구 왕십리로 50 (성수동1가),HRW 성수동1가점,1111-1111,127.0449108,37.54188806
1234,서울특별시 강서구 양천로 476 (등촌동),HRW 등촌동점,1111-1111,126.8532726,37.56160051
1096,서울특별시 강동구 천호옛길 85 (성내동),HRW 성내동점,1111-1111,127.1253362,37.53663449
1188,서울특별시 강서구 하늘길 38 (방화동),HRW 방화동점,1111-1111,126.80275,37.56938354
1225,서울특별시 송파구 올림픽로 300 (신천동),HRW 신천동점,1111-1111,127.1027187,37.51250785
1104,서울특별시 영등포구 경인로 846 (영등포동),HRW 영등포동점,1111-1111,126.907666,37.51566841
1198,서울특별시 관악구 남부순환로 1820 10층 (봉천동),HRW 봉천동점,1111-1111,126.9520844,37.48094806
1155,서울특별시 관악구 신림로 330 타임스트림 10층~15층 (신림동),HRW 신림동점,1111-1111,126.9302354,37.48385165
1202,서울특별시 금천구 디지털로10길 9 (가산동),HRW 가산동점,1111-1111,126.8890556,37.47761941
1244,서울특별시 강북구 도봉로 308 (번동),HRW 번동점,1111-1111,127.0238357,37.63566472
1122,서울특별시 광진구 아차산로 272 (자양동),HRW 자양동점,1111-1111,127.0729963,37.5385588
1195,서울특별시 마포구 양화로 45 (서교동 메세나폴리스),HRW 서교동 메세나폴리스점,1111-1111,126.9136779,37.55016601
1128,서울특별시 강남구 압구정로30길 45 (신사동),HRW 신사동점,1111-1111,127.0294032,37.52435093
1216,서울특별시 노원구 섬밭로 258 (중계동),HRW 중계동점,1111-1111,127.0644231,37.63897352
1102,서울특별시 중구 남대문로 73 (남대문로2가),HRW 남대문로2가점,1111-1111,126.9816382,37.56420425
1109,서울특별시 노원구 동일로 1414 (상계동),HRW 상계동점,1111-1111,127.0616337,37.65505387
1208,서울특별시 용산구 청파로 74 (한강로3가),HRW 한강로3가점,1111-1111,126.9595586,37.53278787
1030,서울특별시 서초구 신반포로 176 (반포동),HRW 반포동점,1111-1111,127.002794,37.50421378
1101,서울특별시 서초구 서초대로77길 3 (서초동),HRW 서초동점,1111-1111,127.0265018,37.49805666
1291,서울특별시 양천구 목동동로 257 (목동 현대하이페리온),HRW 목동 현대하이페리온점,1111-1111,126.8746191,37.52732106
1034,서울특별시 영등포구 국제금융로 10 (여의도동),HRW 여의도동점,1111-1111,126.924876,37.5251771
1289,서울특별시 도봉구 도봉로 684 (방학동),HRW 방학동점,1111-1111,127.04359,37.66534718
1144,서울특별시 마포구 양화로 176 (동교동),HRW 동교동점,1111-1111,126.9249863,37.55724762
1105,서울특별시 중구 남대문로 73 (남대문로2가),HRW 남대문로2가점,1111-1111,126.9816382,37.56420425
1243,서울특별시 도봉구 도봉로 558 (창동),HRW 창동점,1111-1111,127.0387339,37.65460511
1003,서울특별시 강남구 봉은사로 524 (삼성동),HRW 삼성동점,1111-1111,127.0571141,37.51294416
1228,서울특별시 강서구 화곡로 142 (화곡동),HRW 화곡동점,1111-1111,126.8375823,37.5405672
1151,서울특별시 중구 장충단로 247 (을지로6가),HRW 을지로6가점,1111-1111,127.0073585,37.56680209
1156,서울특별시 송파구 충민로 66 (문정동),HRW 문정동점,1111-1111,127.1249619,37.47761492
1227,서울특별시 종로구 삼일대로 428 (낙원동),HRW 낙원동점,1111-1111,126.9879029,37.57276374
1146,서울특별시 마포구 어울마당로 65 (서교동),HRW 서교동점,1111-1111,126.9210632,37.55095778
1270,서울특별시 강서구 공항대로45길 63 (등촌동),HRW 등촌동점,1111-1111,126.8560014,37.55786945
1163,서울특별시 중구 퇴계로 123 (충무로2가),HRW 충무로2가점,1111-1111,126.9853638,37.56126413
1272,서울특별시 마포구 양화로 147 (동교동),HRW 동교동점,1111-1111,126.9220535,37.55604803
1017,서울특별시 구로구 구로중앙로 152 (구로동),HRW 구로동점,1111-1111,126.8827727,37.50115988
1165,서울특별시 중구 새문안로 22 (충정로1가),HRW 충정로1가점,1111-1111,126.9686455,37.56712994
1016,서울특별시 광진구 광나루로56길 85 (구의동),HRW 구의동점,1111-1111,127.0956915,37.5357246
1267,서울특별시 마포구 월드컵로 240 (성산동),HRW 성산동점,1111-1111,126.8990339,37.5699436
1117,서울특별시 서대문구 신촌역로 30 (신촌동),HRW 신촌동점,1111-1111,126.9423871,37.55982421
1112,서울특별시 양천구 목동동로 309 (목동),HRW 목동점,1111-1111,126.8760091,37.52914373
1111,서울특별시 강남구 압구정로30길 45 (신사동),HRW 신사동점,1111-1111,127.0294032,37.52435093
1235,서울특별시 노원구 동일로 1660 (상계동),HRW 상계동점,1111-1111,127.0556682,37.67658966
1103,서울특별시 종로구 삼일대로 428 (낙원동),HRW 낙원동점,1111-1111,126.9879029,37.57276374
1217,서울특별시 구로구 경인로 662 (신도림동 디큐브시티),HRW 신도림동 디큐브시티점,1111-1111,126.8882136,37.50812409
1248,서울특별시 구로구 새말로 97 (구로동),HRW 구로동점,1111-1111,126.8902273,37.50704387
1166,서울특별시 광진구 능동로 120 (화양동),HRW 화양동점,1111-1111,127.0731109,37.54290374
1125,서울특별시 동작구 동작대로 89 (사당동),HRW 사당동점,1111-1111,126.9816648,37.48461306
1098,서울특별시 성북구 아리랑로 82 (돈암동),HRW 돈암동점,1111-1111,127.0139289,37.60006194
1282,서울특별시 서대문구 연희로8길 18 (연희동),HRW 연희동점,1111-1111,126.9309358,37.56516592
1062,서울특별시 중구 정동길 3 (정동),HRW 정동점,1111-1111,126.969975,37.56817157
1066,서울특별시 중구 퇴계로 212 (필동2가),HRW 필동2가점,1111-1111,126.9953432,37.56107556
1149,서울특별시 서대문구 성산로 533 (대신동),HRW 대신동점,1111-1111,126.9445691,37.56414924
1127,서울특별시 종로구 대명길 28 (명륜2가),HRW 명륜2가점,1111-1111,126.9998415,37.58345711
1158,서울특별시 영등포구 영중로 15 (영등포동4가),HRW 영등포동4가점,1111-1111,126.9043784,37.51687231
1099,서울특별시 종로구 돈화문로5가길 1 (돈의동),HRW 돈의동점,1111-1111,126.9912293,37.5710259
1230,서울특별시 강동구 양재대로 1571 (천호동),HRW 천호동점,1111-1111,127.1422558,37.54571404
1242,서울특별시 강남구 압구정로10길 9 (신사동),HRW 신사동점,1111-1111,127.022023,37.52298638
1283,서울특별시 마포구 양화로 186 (동교동),HRW 동교동점,1111-1111,126.9258922,37.55766665
1148,서울특별시 서대문구 이화여대길 52 (대현동),HRW 대현동점,1111-1111,126.9507285,37.56389684
1159,서울특별시 중랑구 망우로30길 3 (상봉동),HRW 상봉동점,1111-1111,127.0747518,37.59308149
1186,서울특별시 강남구 도산대로 323 (신사동),HRW 신사동점,1111-1111,127.0370166,37.52289829
1124,서울특별시 강북구 도봉로 34 (미아동),HRW 미아동점,1111-1111,127.0307216,37.61206819
1245,서울특별시 용산구 한강대로21나길 17 (한강로3가),HRW 한강로3가점,1111-1111,126.9634013,37.52763164
1193,서울특별시 마포구 양화로 176 (동교동),HRW 동교동점,1111-1111,126.9249863,37.55724762
1277,서울특별시 강남구 남부순환로 2753 (도곡동),HRW 도곡동점,1111-1111,127.0469893,37.48748112
1247,서울특별시 중구 장충단로13길 20 (을지로6가),HRW 을지로6가점,1111-1111,127.0076671,37.56873587
1123,서울특별시 강남구 강남대로 438 (역삼동),HRW 역삼동점,1111-1111,127.026336,37.5016425
1281,서울특별시 중랑구 동일로 951 (묵동),HRW 묵동점,1111-1111,127.0760561,37.61514929
1257,서울특별시 강북구 도봉로 399 (수유동),HRW 수유동점,1111-1111,127.0298058,37.64240723
1236,서울특별시 중랑구 상봉로 131 (상봉동 상봉 듀오트리스),HRW 상봉동 상봉 듀오트리스점,1111-1111,127.0921782,37.59740636
1057,서울특별시 중구 명동길 14 (명동2가),HRW 명동2가점,1111-1111,126.9828879,37.56341113
1071,서울특별시 강남구 도산대로8길 8 (논현동),HRW 논현동점,1111-1111,127.0219385,37.51636468
1106,서울특별시 은평구 불광로 20 (대조동),HRW 대조동점,1111-1111,126.9289383,37.60973574
1240,서울특별시 노원구 노해로 480 (상계동),HRW 상계동점,1111-1111,127.0614348,37.65417883
1271,서울특별시 성북구 동소문로 106 (동선동1가),HRW 동선동1가점,1111-1111,127.0170881,37.59257393
1197,서울특별시 동작구 동작대로 89 (사당동),HRW 사당동점,1111-1111,126.9816648,37.48461306
1222,서울특별시 마포구 양화로 153 (동교동),HRW 동교동점,1111-1111,126.9226314,37.55649432
1246,서울특별시 강서구 공항대로 247 (마곡동),HRW 마곡동점,1111-1111,126.8352395,37.5593137
1241,서울특별시 송파구 송파대로 111 (문정동 파크하비오),HRW 문정동 파크하비오점,1111-1111,127.1240049,37.48149045
1226,서울특별시 금천구 시흥대로 399 (독산동),HRW 독산동점,1111-1111,126.8970028,37.46936054
1237,서울특별시 종로구 경희궁1가길 7 (신문로2가),HRW 신문로2가점,1111-1111,126.9690164,37.5720782
1189,서울특별시 강서구 하늘길 38 (방화동),HRW 방화동점,1111-1111,126.80275,37.56938354
1268,서울특별시 광진구 능동로 289 (군자동),HRW 군자동점,1111-1111,127.0783445,37.55579025
1203,서울특별시 노원구 동일로204가길 12 (중계동),HRW 중계동점,1111-1111,127.0686684,37.63985711
15067,인천광역시 부평구 주부토로 236 (갈산동),HRW 갈산동점,1111-1111,126.7271492,37.51495595
15051,인천광역시 서구 서곶로 788 (당하동),HRW 당하동점,1111-1111,126.675352,37.58812121
15036,인천광역시 부평구 광장로 16 (부평동),HRW 부평동점,1111-1111,126.7239108,37.48921304
15052,인천광역시 남동구 논고개로 61 (논현동),HRW 논현동점,1111-1111,126.7275206,37.39753748
1258,서울특별시 강동구 성내로 48 (성내동),HRW 성내동점,1111-1111,127.1253572,37.52844483
1164,서울특별시 동대문구 왕산로 214 (전농동),HRW 전농동점,1111-1111,127.0492292,37.58023183
15024,인천광역시 계양구 장제로 738 (작전동),HRW 작전동점,1111-1111,126.7345156,37.5337284
15068,인천광역시 서구 중봉대로 610 (청라동),HRW 청라동점,1111-1111,126.6502661,37.53389222
1083,서울특별시 종로구 새문안로 68 (신문로1가),HRW 신문로1가점,1111-1111,126.9721394,37.56964235
15039,인천광역시 남동구 논현로26번길 34 (논현동),HRW 논현동점,1111-1111,126.7086145,37.40224463
15005,인천광역시 남동구 예술로 198 (구월동),HRW 구월동점,1111-1111,126.7019486,37.45173648
15010,인천광역시 부평구 경원대로 1382 (부평동),HRW 부평동점,1111-1111,126.7223133,37.49102686
15044,인천광역시 동구 화도진로 31 (송현동),HRW 송현동점,1111-1111,126.63429,37.47549108
15023,인천광역시 부평구 대정로 66 (부평동),HRW 부평동점,1111-1111,126.7266768,37.49357207
15056,인천광역시 연수구 벚꽃로 106 (청학동),HRW 청학동점,1111-1111,126.6772291,37.41762926
15064,인천광역시 연수구 하모니로 158 (송도동),HRW 송도동점,1111-1111,126.6421469,37.38419018
15055,인천광역시 연수구 송도과학로16번길 33-4 (송도동),HRW 송도동점,1111-1111,126.6628418,37.37866084
15019,인천광역시 부평구 마장로 489 (청천동),HRW 청천동점,1111-1111,126.7030837,37.5219716
15057,인천광역시 서구 청라에메랄드로 99 (청라동),HRW 청라동점,1111-1111,126.6557326,37.53360694
15043,인천광역시 연수구 청능대로 210 (동춘동),HRW 동춘동점,1111-1111,126.6836222,37.40599741
2302,경기도 파주시 문발로 284 (문발동),HRW 문발동점,1111-1111,126.6925496,37.71809333
2114,경기도 오산시 경기대로 198 (원동),HRW 원동점,1111-1111,127.0738733,37.14230076
2204,경기도 안양시 동안구 시민대로 180 (호계동),HRW 호계동점,1111-1111,126.9504211,37.38998533
15062,인천광역시 중구 하늘중앙로195번길 15 (중산동),HRW 중산동점,1111-1111,126.5613403,37.48970517
2301,경기도 동두천시 평화로2441번길 6 (생연동),HRW 생연동점,1111-1111,127.0577451,37.90582358
15061,인천광역시 중구 영종대로 184 (운서동),HRW 운서동점,1111-1111,126.4987779,37.49226503
15065,인천광역시 연수구 청능대로 210 (동춘동),HRW 동춘동점,1111-1111,126.6836222,37.40599741
2172,경기도 수원시 영통구 봉영로 1579 (영통동),HRW 영통동점,1111-1111,127.0716638,37.25274298
15017,인천광역시 중구 개항로 63-2 (경동),HRW 경동점,1111-1111,126.62958,37.47247393
2289,경기도 광명시 소하로 190 광명G타워 지하1층~지하2층 (소하동),HRW 소하동점,1111-1111,126.8941986,37.44583602
2251,경기도 용인시 수지구 성복2로 38 5층 (성복동),HRW 성복동점,1111-1111,127.081667,37.31279803
2225,경기도 파주시 청암로17번길 17 (목동동),HRW 목동동점,1111-1111,126.7367602,37.72956862
2299,경기도 화성시 동탄대로5길 9 (송동),HRW 송동점,1111-1111,127.1058265,37.16762837
2300,경기도 구리시 갈매순환로 180 (갈매동),HRW 갈매동점,1111-1111,127.1234983,37.63582024
2296,경기도 고양시 일산동구 중앙로 1036 (백석동),HRW 백석동점,1111-1111,126.7896615,37.64317872
2275,경기도 하남시 미사대로 520 (덕풍동),HRW 덕풍동점,1111-1111,127.2042276,37.55839094
2125,경기도 용인시 수지구 포은대로 536 (죽전동),HRW 죽전동점,1111-1111,127.1081059,37.3250032
2303,경기도 수원시 팔달구 덕영대로 924 수원역사 6층 (매산로1가),HRW 매산로1가점,1111-1111,126.9997661,37.26731243
2272,경기도 남양주시 별내중앙로 10 (별내동),HRW 별내동점,1111-1111,127.1272921,37.64484659
2199,경기도 고양시 일산서구 중앙로 1436 (주엽동),HRW 주엽동점,1111-1111,126.7610364,37.67080692
2106,경기도 안산시 상록구 항가울로 422 (성포동),HRW 성포동점,1111-1111,126.8466533,37.3180958
2124,경기도 안산시 단원구 고잔로 108 (고잔동),HRW 고잔동점,1111-1111,126.8380372,37.31857251
2055,경기도 구리시 동구릉로136번길 47 (인창동),HRW 인창동점,1111-1111,127.1405444,37.61186163
2175,경기도 평택시 관광특구로 19 (서정동),HRW 서정동점,1111-1111,127.0609074,37.06725171
2059,경기도 고양시 일산동구 무궁화로 32-34 (장항동),HRW 장항동점,1111-1111,126.768799,37.6613193
2246,경기도 용인시 처인구 중부대로 1294 (역북동),HRW 역북동점,1111-1111,127.1883042,37.23547335
2182,경기도 시흥시 마유로418번길 10 (정왕동),HRW 정왕동점,1111-1111,126.7418553,37.35140106
2212,경기도 부천시 부천로 11 (심곡동),HRW 심곡동점,1111-1111,126.7822774,37.48555933
2107,경기도 안산시 상록구 항가울로 422 (성포동),HRW 성포동점,1111-1111,126.8466533,37.3180958
2019,경기도 안양시 만안구 만안로 244 (안양동),HRW 안양동점,1111-1111,126.9221811,37.40297106
2205,경기도 안양시 동안구 시민대로 180 (호계동),HRW 호계동점,1111-1111,126.9504211,37.38998533
2213,경기도 성남시 수정구 창업로 18 (시흥동),HRW 시흥동점,1111-1111,127.0983343,37.413404
2045,경기도 부천시 부일로 460 (심곡동),HRW 심곡동점,1111-1111,126.7810144,37.48587343
2063,경기도 광명시 오리로 970 (광명동),HRW 광명동점,1111-1111,126.8556443,37.47946006
2036,경기도 안양시 동안구 흥안대로 519 (관양동),HRW 관양동점,1111-1111,126.9761635,37.40031653
2068,경기도 안산시 단원구 광덕대로 137 (고잔동),HRW 고잔동점,1111-1111,126.8289218,37.30879079
2244,경기도 성남시 수정구 산성대로 267 (신흥동),HRW 신흥동점,1111-1111,127.1464466,37.44132267
2179,경기도 안양시 동안구 관평로170번길 33 (관양동),HRW 관양동점,1111-1111,126.962259,37.39298364
2085,경기도 수원시 영통구 도청로 10 (이의동),HRW 이의동점,1111-1111,127.0561688,37.28572563
2097,경기도 파주시 문발로 220 (문발동),HRW 문발동점,1111-1111,126.6878026,37.7138552
2202,경기도 양주시 고읍남로 6-6 (광사동),HRW 광사동점,1111-1111,127.0801217,37.79619666
2262,경기도 용인시 기흥구 신고매로 59 (고매동),HRW 고매동점,1111-1111,127.1142483,37.22341446
2072,경기도 화성시 동탄지성로 11 (반송동),HRW 반송동점,1111-1111,127.0727838,37.20451845
2249,경기도 수원시 권선구 금곡로 219 (금곡동),HRW 금곡동점,1111-1111,126.9540795,37.27500225
2240,경기도 김포시 김포한강9로75번길 180 (구래동 두원타워),HRW 구래동 두원타워점,1111-1111,126.6244799,37.64491483
2223,경기도 하남시 미사대로 750 (신장동),HRW 신장동점,1111-1111,127.2237407,37.54543615
2290,경기도 군포시 엘에스로 143 (금정동 힐스테이트 금정역),HRW 금정동 힐스테이트 금정역점,1111-1111,126.9442048,37.37279413
2264,경기도 수원시 장안구 천천로 106 (천천동),HRW 천천동점,1111-1111,126.9839554,37.30116387
2075,경기도 성남시 분당구 판교역로146번길 20 (백현동),HRW 백현동점,1111-1111,127.112088,37.3927949
2252,경기도 부천시 옥길로 1 (옥길동),HRW 옥길동점,1111-1111,126.8139136,37.46147473
2288,경기도 수원시 권선구 호매실로90번길 76 (호매실동),HRW 호매실동점,1111-1111,126.9643164,37.25876627
2180,경기도 고양시 일산서구 호수로 817 (대화동),HRW 대화동점,1111-1111,126.7516305,37.66799317
2269,경기도 남양주시 다산순환로 50 (다산동),HRW 다산동점,1111-1111,127.1524288,37.61625793
2087,경기도 안산시 단원구 고잔2길 41 (고잔동),HRW 고잔동점,1111-1111,126.8356437,37.31794278
2229,경기도 고양시 덕양구 고양대로 1955 (동산동),HRW 동산동점,1111-1111,126.8947785,37.64697717
2117,경기도 수원시 장안구 경수대로 950 (조원동),HRW 조원동점,1111-1111,127.0075033,37.30354832
2235,경기도 하남시 미사강변중앙로 218 (망월동),HRW 망월동점,1111-1111,127.1896616,37.56639813
2226,경기도 파주시 경의로 989 (야당동),HRW 야당동점,1111-1111,126.7587287,37.70573025
2038,경기도 광명시 철산로30번길 14 (철산동),HRW 철산동점,1111-1111,126.8697468,37.47511858
2185,경기도 화성시 동탄중앙로 220 (반송동 메타폴리스),HRW 반송동 메타폴리스점,1111-1111,127.0686764,37.20539055
2122,경기도 남양주시 늘을2로 26 (호평동),HRW 호평동점,1111-1111,127.244107,37.65508788
2281,경기도 광명시 양지로 17 (일직동),HRW 일직동점,1111-1111,126.8828897,37.41867983
2102,경기도 성남시 분당구 황새울로 332 (서현동),HRW 서현동점,1111-1111,127.1223298,37.38553049
2294,경기도 용인시 처인구 성산로170번길 23 (역북동),HRW 역북동점,1111-1111,127.192194,37.24839071
2258,경기도 부천시 옥길로 124 (옥길동),HRW 옥길동점,1111-1111,126.8233936,37.46751079
2218,경기도 의정부시 오목로205번길 55 5층(민락동),HRW 민락동점,1111-1111,127.0959346,37.74576004
2292,경기도 남양주시 다산순환로 20 (다산동),HRW 다산동점,1111-1111,127.1523104,37.61160124
2037,경기도 수원시 팔달구 행궁로 71 (팔달로3가),HRW 팔달로3가점,1111-1111,127.0160733,37.27618502
2118,경기도 안산시 단원구 광덕대로 194 (고잔동),HRW 고잔동점,1111-1111,126.8310159,37.31345917
2222,경기도 고양시 일산동구 강송로 33 (백석동 일산 요진 와이시티),HRW 백석동 일산 요진 와이시티점,1111-1111,126.7913055,37.64150944
2211,경기도 안산시 단원구 중앙대로 921 (고잔동),HRW 고잔동점,1111-1111,126.8389949,37.3171582
2241,경기도 용인시 기흥구 민속촌로 93-1 (보라동),HRW 보라동점,1111-1111,127.114317,37.2574011
2010,경기도 성남시 분당구 탄천상로151번길 20 (구미동),HRW 구미동점,1111-1111,127.1066858,37.34161104
2183,경기도 군포시 번영로 505 (산본동),HRW 산본동점,1111-1111,126.933217,37.35878238
2287,경기도 광명시 일직로 43 (일직동),HRW 일직동점,1111-1111,126.8869458,37.4227697
2291,경기도 고양시 일산서구 킨텍스로 255-3 (대화동),HRW 대화동점,1111-1111,126.7480658,37.66841936
2042,경기도 평택시 경기대로 279 (비전동),HRW 비전동점,1111-1111,127.1125046,36.99555667
2245,경기도 용인시 기흥구 구성로 357 (청덕동),HRW 청덕동점,1111-1111,127.1481241,37.29127992
2073,경기도 동두천시 동광로 66 (생연동),HRW 생연동점,1111-1111,127.0560017,37.90810091
2228,경기도 시흥시 배곧3로 96 (배곧동),HRW 배곧동점,1111-1111,126.7303223,37.36978904
2074,경기도 동두천시 동광로 33 (생연동),HRW 생연동점,1111-1111,127.0520028,37.90883023
2265,경기도 시흥시 정왕대로 210 (정왕동),HRW 정왕동점,1111-1111,126.736871,37.34594187
2176,경기도 평택시 평택로 51 (평택동),HRW 평택동점,1111-1111,127.0852754,36.99087995
2216,경기도 군포시 번영로 485 (산본동),HRW 산본동점,1111-1111,126.9306685,37.35780477
2239,경기도 부천시 소향로 165 (중동),HRW 중동점,1111-1111,126.7663983,37.50216288
2286,경기도 동두천시 동광로 66 (생연동),HRW 생연동점,1111-1111,127.0560017,37.90810091
2150,경기도 부천시 송내대로 239 (상동),HRW 상동점,1111-1111,126.7567067,37.50414655
2230,경기도 성남시 수정구 위례광장로 104 (창곡동),HRW 창곡동점,1111-1111,127.1412628,37.47305145
2214,경기도 안양시 동안구 동안로 119 (호계동),HRW 호계동점,1111-1111,126.9504349,37.38908403
2279,경기도 용인시 기흥구 기흥로 58-1 (구갈동),HRW 구갈동점,1111-1111,127.1193557,37.28002263
2007,경기도 수원시 권선구 경수대로 270 (권선동),HRW 권선동점,1111-1111,127.0218284,37.25010582
2052,경기도 파주시 중앙로 328 (금촌동),HRW 금촌동점,1111-1111,126.7745264,37.76487979
2188,경기도 용인시 기흥구 동백죽전대로 444 (중동),HRW 중동점,1111-1111,127.1515982,37.27799643
2260,경기도 양주시 옥정로 200 (옥정동),HRW 옥정동점,1111-1111,127.0921334,37.81942426
2234,경기도 화성시 동탄역로 지하151 (오산동),HRW 오산동점,1111-1111,127.0954913,37.19986128
2266,경기도 파주시 경의로 1074 (야당동),HRW 야당동점,1111-1111,126.759892,37.71315809
2113,경기도 부천시 경인로 505 (괴안동 역곡하이뷰),HRW 괴안동 역곡하이뷰점,1111-1111,126.8111193,37.48447634
2041,경기도 김포시 걸포로 6 (걸포동),HRW 걸포동점,1111-1111,126.707214,37.63221344
2116,경기도 수원시 팔달구 권광로 181 (인계동),HRW 인계동점,1111-1111,127.032221,37.2637485
2169,경기도 시흥시 복지로 90 (대야동),HRW 대야동점,1111-1111,126.7916653,37.4470029
2061,경기도 이천시 중리천로 58 (중리동),HRW 중리동점,1111-1111,127.4441585,37.27964524
2050,경기도 광명시 일직로 17 (일직동),HRW 일직동점,1111-1111,126.8844441,37.4242097
2243,경기도 하남시 위례대로 200 (학암동),HRW 학암동점,1111-1111,127.1484038,37.48013601
2187,경기도 부천시 길주로 280 (중동),HRW 중동점,1111-1111,126.7731956,37.50290705
2040,경기도 의정부시 시민로 80 (의정부동),HRW 의정부동점,1111-1111,127.0440933,37.73797728
2011,경기도 성남시 분당구 성남대로925번길 16 (야탑동),HRW 야탑동점,1111-1111,127.1272806,37.41308958
2126,경기도 고양시 일산동구 정발산로 24 (장항동),HRW 장항동점,1111-1111,126.7726562,37.65482478
2232,경기도 용인시 처인구 금령로 86 (김량장동),HRW 김량장동점,1111-1111,127.2058156,37.23508547
2270,경기도 하남시 미사강변동로 95 (망월동),HRW 망월동점,1111-1111,127.1917421,37.56373107
2112,경기도 성남시 중원구 성남대로 1136 (성남동),HRW 성남동점,1111-1111,127.1297798,37.43131329
2141,경기도 오산시 원동로37번길 46 (원동),HRW 원동점,1111-1111,127.0704369,37.14605807
2221,경기도 의정부시 천보로 44 (민락동),HRW 민락동점,1111-1111,127.0963206,37.74431384
2253,경기도 오산시 동부대로 470 (원동),HRW 원동점,1111-1111,127.0786657,37.14409819
2057,경기도 부천시 길주로 180 (중동),HRW 중동점,1111-1111,126.7620836,37.50431726
2261,경기도 고양시 덕양구 충장로 8 (행신동),HRW 행신동점,1111-1111,126.8344893,37.61353124
2047,경기도 성남시 분당구 서현로180번길 19 (서현동),HRW 서현동점,1111-1111,127.1224641,37.38733909
2237,경기도 용인시 수지구 광교중앙로295번길 9 (상현동),HRW 상현동점,1111-1111,127.0681155,37.2968948
2220,경기도 구리시 경춘로 243 (인창동),HRW 인창동점,1111-1111,127.1420713,37.60178381
2236,경기도 안성시 아양2로 109 (석정동),HRW 석정동점,1111-1111,127.2572136,37.01217714
2217,경기도 안양시 만안구 안양로 311 (안양동),HRW 안양동점,1111-1111,126.9201952,37.39961726
2238,경기도 용인시 기흥구 중부대로 494 (구갈동),HRW 구갈동점,1111-1111,127.1239898,37.26743232
2208,경기도 광주시 광주대로 30 (경안동),HRW 경안동점,1111-1111,127.2612212,37.40963665
2119,경기도 화성시 병점1로 218 (병점동),HRW 병점동점,1111-1111,127.0427049,37.21365027
2048,경기도 김포시 김포한강11로 288-31 (운양동),HRW 운양동점,1111-1111,126.684077,37.65487716
2200,경기도 평택시 평남로 862 (비전동),HRW 비전동점,1111-1111,127.1115018,37.00046893
11057,부산광역시 금정구 중앙대로 1607 (부곡동),HRW 부곡동점,1111-1111,129.0897912,35.2283335
2231,경기도 광주시 중앙로 89 (역동),HRW 역동점,1111-1111,127.2585361,37.40761572
11053,부산광역시 사하구 낙동남로 1413 (하단동),HRW 하단동점,1111-1111,128.9664748,35.10675471
11025,부산광역시 해운대구 해운대로 802 (좌동),HRW 좌동점,1111-1111,129.1766659,35.16915587
11009,부산광역시 부산진구 가야대로 772 (부전동),HRW 부전동점,1111-1111,129.0571756,35.15667623
11008,부산광역시 부산진구 동천로 92 (전포동),HRW 전포동점,1111-1111,129.0630163,35.15703467
2054,경기도 남양주시 두물로 19 (별내동),HRW 별내동점,1111-1111,127.1266171,37.65581736
11040,부산광역시 동래구 중앙대로 1393 (온천동),HRW 온천동점,1111-1111,129.0774794,35.21170779
11007,부산광역시 부산진구 동천로 4 (전포동),HRW 전포동점,1111-1111,129.0639764,35.14943706
11024,부산광역시 사상구 사상로 201 본관동(괘법동),HRW 괘법동점,1111-1111,128.9830644,35.16316926
11059,부산광역시 금정구 장전로12번길 55 (장전동),HRW 장전동점,1111-1111,129.088115,35.2301055
11038,부산광역시 해운대구 센텀남대로 59 (우동),HRW 우동점,1111-1111,129.1310697,35.16985338
2209,경기도 고양시 덕양구 화중로104번길 28 (화정동),HRW 화정동점,1111-1111,126.8331649,37.63572267
11054,부산광역시 중구 중앙대로 2 (중앙동7가),HRW 중앙동7가점,1111-1111,129.0367028,35.09830568
11051,부산광역시 해운대구 수영강변대로 120 (우동),HRW 우동점,1111-1111,129.1270834,35.1710376
1286,부산광역시 부산진구 서면로 39 (부전동),HRW 부전동점,1111-1111,129.0573021,35.15427091
11020,부산광역시 중구 비프광장로 36 (남포동5가),HRW 남포동5가점,1111-1111,129.0287562,35.09861894
11067,부산광역시 부산진구 중앙대로 672 (부전동),HRW 부전동점,1111-1111,129.0596064,35.15300606
11058,부산광역시 해운대구 해운대로 620 (우동),HRW 우동점,1111-1111,129.1584531,35.16296298
11052,부산광역시 북구 만덕대로 23 (덕천동),HRW 덕천동점,1111-1111,129.0075902,35.21110445
11039,부산광역시 해운대구 센텀남대로 59 (우동),HRW 우동점,1111-1111,129.1310697,35.16985338
11061,부산광역시 중구 비프광장로 37 (남포동5가),HRW 남포동5가점,1111-1111,129.0294679,35.09860546
11019,부산광역시 북구 화명대로 16 (화명동),HRW 화명동점,1111-1111,129.0097786,35.23476865
11044,부산광역시 해운대구 센텀남대로 35 (우동),HRW 우동점,1111-1111,129.1295228,35.16881754
11072,부산광역시 강서구 명지국제8로10번길 38 (명지동),HRW 명지동점,1111-1111,128.9034494,35.09440007
11026,부산광역시 해운대구 해운대로 813 (좌동),HRW 좌동점,1111-1111,129.1770499,35.1705363
11034,부산광역시 남구 수영로 305 (대연동),HRW 대연동점,1111-1111,129.099272,35.13733924
12051,대구광역시 동구 동부로 149 (신천동),HRW 신천동점,1111-1111,128.6291901,35.87794064
12018,대구광역시 동구 팔공산로 1184 (용수동),HRW 용수동점,1111-1111,128.6943179,35.98790297
12057,대구광역시 북구 침산로 93 (칠성동2가),HRW 칠성동2가점,1111-1111,128.5897891,35.88522588
12053,대구광역시 중구 국채보상로 547 (종로1가),HRW 종로1가점,1111-1111,128.5904144,35.87095209
12054,대구광역시 동구 팔공로49길 51 (봉무동),HRW 봉무동점,1111-1111,128.6359098,35.92066862
11055,부산광역시 중구 중앙대로 2 (중앙동7가),HRW 중앙동7가점,1111-1111,129.0367028,35.09830568
11045,부산광역시 연제구 종합운동장로 7 (거제동),HRW 거제동점,1111-1111,129.062009,35.19126717
11046,부산광역시 해운대구 센텀남대로 35 (우동),HRW 우동점,1111-1111,129.1295228,35.16881754
11070,부산광역시 강서구 명지국제6로 107 (명지동),HRW 명지동점,1111-1111,128.911168,35.09286966
12015,대구광역시 북구 동암로 100 (동천동),HRW 동천동점,1111-1111,128.561723,35.94408128
12035,대구광역시 중구 달구벌대로 2077 (계산동2가),HRW 계산동2가점,1111-1111,128.5906254,35.86662989
12056,대구광역시 북구 동화천로 290 (연경동),HRW 연경동점,1111-1111,128.6228377,35.94143349
12048,대구광역시 달서구 월곡로 247 (상인동),HRW 상인동점,1111-1111,128.5392728,35.81644569
12022,대구광역시 북구 동암로 90 (동천동),HRW 동천동점,1111-1111,128.5603224,35.94413784
12043,대구광역시 중구 동성로 39 (동성로2가),HRW 동성로2가점,1111-1111,128.595377,35.87048862
12033,대구광역시 동구 팔공로49길 16 (봉무동),HRW 봉무동점,1111-1111,128.6373577,35.92154835
11027,부산광역시 동래구 중앙대로 1523 (온천동),HRW 온천동점,1111-1111,129.0855766,35.22128964
12058,대구광역시 달서구 달구벌대로 1551 (죽전동),HRW 죽전동점,1111-1111,128.535959,35.85061956
12032,대구광역시 동구 안심로 80 (율하동),HRW 율하동점,1111-1111,128.6933313,35.86846275
12034,대구광역시 수성구 유니버시아드로 140 (대흥동),HRW 대흥동점,1111-1111,128.6873252,35.83166036
12014,대구광역시 달서구 성서로 414 (이곡동),HRW 이곡동점,1111-1111,128.5077764,35.85443309
16041,광주광역시 서구 시청로 67 (치평동),HRW 치평동점,1111-1111,126.8510085,35.15429272
12044,대구광역시 수성구 지범로 191 (범물동),HRW 범물동점,1111-1111,128.6403615,35.82107194
12029,대구광역시 중구 동성로2길 95 (동성로2가),HRW 동성로2가점,1111-1111,128.5969015,35.87018891
16042,광주광역시 동구 중앙로 163 NC웨이브 11층 (충장로4가),HRW 충장로4가점,1111-1111,126.9131368,35.14878096
12042,대구광역시 서구 달구벌대로 1691 (내당동),HRW 내당동점,1111-1111,128.5507114,35.85571965
12045,대구광역시 중구 중앙대로 412 (남일동),HRW 남일동점,1111-1111,128.59432,35.86998166
12050,대구광역시 달서구 조암로 29 (월성동),HRW 월성동점,1111-1111,128.5268137,35.82455335
12031,대구광역시 북구 학정로 422 (구암동),HRW 구암동점,1111-1111,128.5638817,35.94218152
16045,광주광역시 광산구 무진대로 272-8 (우산동),HRW 우산동점,1111-1111,126.8096632,35.16016329
16035,광주광역시 광산구 앰코로 35 (쌍암동),HRW 쌍암동점,1111-1111,126.8525849,35.2208599
16015,광주광역시 광산구 임방울대로826번길 29-31 (쌍암동),HRW 쌍암동점,1111-1111,126.850666,35.21640969
16046,광주광역시 광산구 용아로400번길 30 (하남동),HRW 하남동점,1111-1111,126.8064727,35.17797611
16020,광주광역시 북구 우치로 60 (중흥동),HRW 중흥동점,1111-1111,126.9125552,35.17263543
16027,광주광역시 서구 무진대로 932 (광천동),HRW 광천동점,1111-1111,126.8825984,35.16058669
12030,대구광역시 중구 동성로2길 95 (동성로2가),HRW 동성로2가점,1111-1111,128.5969015,35.87018891
12047,대구광역시 중구 국채보상로 537 (수동),HRW 수동점,1111-1111,128.5894436,35.87067421
16047,광주광역시 동구 중앙로160번길 16-7 (불로동),HRW 불로동점,1111-1111,126.9146509,35.14682167
16044,광주광역시 동구 제봉로 96 (서석동),HRW 서석동점,1111-1111,126.9222735,35.14692227
16036,광주광역시 광산구 장신로 98 (장덕동),HRW 장덕동점,1111-1111,126.8201349,35.18981168
16040,광주광역시 동구 충장로안길 12 (황금동),HRW 황금동점,1111-1111,126.9145253,35.1480582
16022,광주광역시 광산구 풍영철길로 15 (우산동),HRW 우산동점,1111-1111,126.81166,35.16289507
16021,광주광역시 서구 시청로60번길 21-6 (치평동),HRW 치평동점,1111-1111,126.8544027,35.15421978
13007,대전광역시 서구 계룡로 598 (괴정동),HRW 괴정동점,1111-1111,127.3895601,36.34069387
13039,대전광역시 대덕구 한남로 61 (오정동),HRW 오정동점,1111-1111,127.4214087,36.35129144
13035,대전광역시 서구 봉우로8번길 23 (관저동),HRW 관저동점,1111-1111,127.3337175,36.30254526
13038,대전광역시 유성구 대덕대로 516 (도룡동),HRW 도룡동점,1111-1111,127.3788561,36.37920357
16037,광주광역시 동구 독립로 268 (대인동),HRW 대인동점,1111-1111,126.9121834,35.15455717
16038,광주광역시 북구 문화소통로 170 (용봉동),HRW 용봉동점,1111-1111,126.9120888,35.18250861
13037,대전광역시 유성구 테크노중앙로 123 (용산동),HRW 용산동점,1111-1111,127.3985168,36.4234367
13021,대전광역시 서구 벌곡로 294 (오동),HRW 오동점,1111-1111,127.3176,36.23172462
13032,대전광역시 서구 대덕대로 216 (둔산동),HRW 둔산동점,1111-1111,127.3795069,36.35195162
13019,대전광역시 동구 중앙로 192 (중동),HRW 중동점,1111-1111,127.4304621,36.33013153
13036,대전광역시 중구 계백로 1712 (문화동),HRW 문화동점,1111-1111,127.4097401,36.32115001
16014,광주광역시 동구 독립로 268 (대인동),HRW 대인동점,1111-1111,126.9121834,35.15455717
13026,대전광역시 동구 동서대로 1689 (용전동),HRW 용전동점,1111-1111,127.4366938,36.35031513
13027,대전광역시 동구 은어송로 72 (가오동),HRW 가오동점,1111-1111,127.4579859,36.30696832
14013,울산광역시 남구 화합로 185 (삼산동),HRW 삼산동점,1111-1111,129.3389,35.54134539
7068,대전광역시 유성구 계룡로132번길 10 (봉명동),HRW 봉명동점,1111-1111,127.3445575,36.35224033
13033,대전광역시 중구 중앙로 126 (대흥동),HRW 대흥동점,1111-1111,127.4241136,36.32764391
14012,울산광역시 북구 산하길 60 (산하동),HRW 산하동점,1111-1111,129.4317971,35.63971178
13012,대전광역시 중구 계백로 1700 (문화동),HRW 문화동점,1111-1111,127.4087993,36.3206309
14001,울산광역시 남구 삼산로 282 (삼산동),HRW 삼산동점,1111-1111,129.3380551,35.53863572
13028,대전광역시 서구 대덕대로 325 (월평동),HRW 월평동점,1111-1111,127.3789264,36.36191485
14020,울산광역시 동구 등대로 50 (방어동),HRW 방어동점,1111-1111,129.4310678,35.48982866
17039,세종특별자치시 도움1로 108 (종촌동),HRW 종촌동점,1111-1111,127.24763,36.50268138
14009,울산광역시 중구 젊음의거리 73 (성남동),HRW 성남동점,1111-1111,129.3210698,35.55440673
3043,강원특별자치도 강릉시 경강로 2100 (임당동),HRW 임당동점,1111-1111,128.8966452,37.7547716
13017,대전광역시 서구 문정로 77 (탄방동),HRW 탄방동점,1111-1111,127.387976,36.34732684
3046,강원특별자치도 원주시 서원대로 171 (단계동),HRW 단계동점,1111-1111,127.930814,37.34481465
14014,울산광역시 중구 젊음의2거리 33 (성남동),HRW 성남동점,1111-1111,129.3203887,35.55316752
3039,강원특별자치도 춘천시 지석로 80 (퇴계동),HRW 퇴계동점,1111-1111,127.7437604,37.85051832
14003,울산광역시 동구 명덕로 10 (서부동),HRW 서부동점,1111-1111,129.4316891,35.5228587
13030,대전광역시 서구 문정로 85 (탄방동),HRW 탄방동점,1111-1111,127.3888542,36.34733487
3218,강원특별자치도 춘천시 후석로 120 (석사동),HRW 석사동점,1111-1111,127.7482204,37.8633031
3203,강원특별자치도 삼척시 엑스포로 50 (성남동),HRW 성남동점,1111-1111,129.158934,37.44017668
3198,강원특별자치도 춘천시 중앙로67번길 18 (죽림동 브라운가),HRW 죽림동 브라운가점,1111-1111,127.7283671,37.87801477
3204,강원특별자치도 원주시 황금로 2 (반곡동),HRW 반곡동점,1111-1111,127.9865848,37.32776598
3025,강원특별자치도 속초시 조양로142번길 20 (조양동),HRW 조양동점,1111-1111,128.5858309,38.18909022
3031,강원특별자치도 원주시 서원대로 165-3 (단계동),HRW 단계동점,1111-1111,127.9298335,37.3450066
13029,대전광역시 유성구 노은로 144 (지족동),HRW 지족동점,1111-1111,127.3185066,36.37254231
3206,강원특별자치도 춘천시 춘천로17번길 17 (온의동),HRW 온의동점,1111-1111,127.7202012,37.8664323
4017,충청북도 청주시 상당구 상당로81번길 63 (서문동),HRW 서문동점,1111-1111,127.4866365,36.63459033
3042,강원특별자치도 동해시 한섬로 111-7 (천곡동),HRW 천곡동점,1111-1111,129.115261,37.52224624
3208,강원특별자치도 원주시 능라동길 63 (무실동),HRW 무실동점,1111-1111,127.9309971,37.33376841
4050,충청북도 제천시 장평천로 27-13 (강제동),HRW 강제동점,1111-1111,128.2219507,37.12345659
4039,충청북도 청주시 상당구 1순환로 1233 (용암동),HRW 용암동점,1111-1111,127.5030834,36.60701954
4047,충청북도 충주시 중원대로 3683 (달천동),HRW 달천동점,1111-1111,127.898156,36.96148211
4048,충청북도 충주시 국원대로 107 (교현동),HRW 교현동점,1111-1111,127.9279578,36.98101812
3024,강원특별자치도 원주시 서원대로 396 (단구동),HRW 단구동점,1111-1111,127.9488712,37.33074541
4024,충청북도 청주시 상당구 상당로81번길 33 (북문로1가),HRW 북문로1가점,1111-1111,127.4881319,36.63526301
1194,강원특별자치도 강릉시 경강로 2120 (옥천동),HRW 옥천동점,1111-1111,128.8986513,37.75569052
5068,충청남도 당진시 시청2로 49-19 (수청동),HRW 수청동점,1111-1111,126.6466787,36.88711719
4044,충청북도 청주시 서원구 1순환로 682 (사창동),HRW 사창동점,1111-1111,127.4604742,36.63264179
5021,충청남도 공주시 흑수골길 12 (신관동),HRW 신관동점,1111-1111,127.1388784,36.47355237
4031,충청북도 청주시 흥덕구 2순환로 1004 (비하동),HRW 비하동점,1111-1111,127.4216437,36.64517413
5071,충청남도 천안시 서북구 불당21로 67-8 (불당동),HRW 불당동점,1111-1111,127.1082647,36.81326947
3215,강원특별자치도 속초시 중앙로121번길 28 (금호동),HRW 금호동점,1111-1111,128.5888005,38.20317404
5073,충청남도 아산시 온천대로 1538 (온천동),HRW 온천동점,1111-1111,127.0084634,36.78022773
5065,충청남도 논산시 중앙로 255 (내동),HRW 내동점,1111-1111,127.0990136,36.18989687
5072,충청남도 천안시 동남구 청수11로 35 (청당동),HRW 청당동점,1111-1111,127.1560923,36.78306832
4045,충청북도 청주시 흥덕구 2순환로 1233 (가경동),HRW 가경동점,1111-1111,127.4311323,36.62621789
5039,충청남도 서산시 율지18로 38 (동문동),HRW 동문동점,1111-1111,126.4655943,36.77876503
5054,충청남도 천안시 동남구 버들로 41 (문화동),HRW 문화동점,1111-1111,127.1520283,36.80721408
5067,충청남도 천안시 서북구 불당33길 28 (불당동),HRW 불당동점,1111-1111,127.1074816,36.81252881
5059,충청남도 보령시 중앙로 125 (대천동),HRW 대천동점,1111-1111,126.5906051,36.35204347
5064,충청남도 천안시 동남구 만남로 43 (신부동),HRW 신부동점,1111-1111,127.1555196,36.81914434
4012,충청북도 충주시 성서3길 19 (성서동),HRW 성서동점,1111-1111,127.9328414,36.97123828
5046,충청남도 당진시 우두1로 88 (읍내동),HRW 읍내동점,1111-1111,126.6302047,36.90195224
5053,충청남도 천안시 동남구 중앙로 111 (문화동),HRW 문화동점,1111-1111,127.1522574,36.80861383
5060,충청남도 보령시 대흥로 51 (대천동),HRW 대천동점,1111-1111,126.5928538,36.3495706
5023,충청남도 천안시 서북구 1공단1길 52 (두정동),HRW 두정동점,1111-1111,127.1479739,36.83240442
8041,전라북도 군산시 백토로 198 (나운동),HRW 나운동점,1111-1111,126.7048687,35.96164424
5070,충청남도 천안시 서북구 번영로 201 (불당동),HRW 불당동점,1111-1111,127.1100893,36.81913116
8226,전라북도 전주시 완산구 전주객사3길 72 (고사동),HRW 고사동점,1111-1111,127.14208,35.82032455
8054,전라북도 전주시 덕진구 기지로 77 (장동 대방 디엠시티),HRW 장동 대방 디엠시티점,1111-1111,127.0609845,35.83922759
5066,충청남도 논산시 시민로 181 (내동),HRW 내동점,1111-1111,127.0977033,36.18286031
8234,전라북도 전주시 덕진구 송천중앙로 225 (송천동2가),HRW 송천동2가점,1111-1111,127.1209057,35.8670641
5049,충청남도 서산시 안견로 242 (동문동),HRW 동문동점,1111-1111,126.4564554,36.77858335
5045,충청남도 아산시 번영로 225 (모종동),HRW 모종동점,1111-1111,127.0159008,36.78464026
8021,전라북도 익산시 무왕로 1052 (영등동),HRW 영등동점,1111-1111,126.9737542,35.95811897
8020,전라북도 전주시 완산구 온고을로 2 (서신동),HRW 서신동점,1111-1111,127.1218374,35.83446209
5043,충청남도 천안시 서북구 공원로 196 (불당동 펜타포트),HRW 불당동 펜타포트점,1111-1111,127.1014296,36.79842823
8235,전라북도 남원시 요천로 1838 (고죽동),HRW 고죽동점,1111-1111,127.4114096,35.42558529
8227,전라북도 전주시 완산구 전주객사3길 72 (고사동),HRW 고사동점,1111-1111,127.14208,35.82032455
8016,전라북도 전주시 완산구 전주객사3길 67 (고사동),HRW 고사동점,1111-1111,127.1414038,35.82018639
8042,전라북도 전주시 완산구 전주객사3길 22 (고사동),HRW 고사동점,1111-1111,127.142715,35.81835821
8230,전라북도 군산시 백토로 166 (나운동),HRW 나운동점,1111-1111,126.705488,35.9643215
8048,전라북도 정읍시 중앙1길 1 (수성동),HRW 수성동점,1111-1111,126.8495962,35.56984358
1210,전라북도 김제시 도작로 224-32 (검산동),HRW 검산동점,1111-1111,126.9007859,35.81477379
5027,충청남도 천안시 동남구 명동길 47 (대흥동),HRW 대흥동점,1111-1111,127.1483765,36.80769103
9029,전라남도 순천시 충효로 15 (덕암동),HRW 덕암동점,1111-1111,127.5108567,34.94124659
8022,전라북도 전주시 덕진구 동부대로 1215 (송천동2가),HRW 송천동2가점,1111-1111,127.1134799,35.86933052
8228,전라북도 전주시 완산구 전주객사3길 72 (고사동),HRW 고사동점,1111-1111,127.14208,35.82032455
8232,전라북도 군산시 조촌로 130 (조촌동),HRW 조촌동점,1111-1111,126.7391412,35.97641333
8231,전라북도 전주시 완산구 홍산로 260 (효자동3가),HRW 효자동3가점,1111-1111,127.1064661,35.81684118
9054,전라남도 광양시 금호로 26 (금호동),HRW 금호동점,1111-1111,127.7231413,34.93548916
8052,전라북도 익산시 선화로 77 (모현동1가),HRW 모현동1가점,1111-1111,126.9397455,35.94985795
9058,전라남도 나주시 상야4길 16-16 (빛가람동),HRW 빛가람동점,1111-1111,126.7930457,35.02388716
6088,경상북도 영천시 시장로 96 (완산동),HRW 완산동점,1111-1111,128.9407426,35.96301024
9055,전라남도 여수시 소호12길 67 (소호동),HRW 소호동점,1111-1111,127.6423296,34.73093485
8053,전라북도 전주시 완산구 전주객사4길 74-10 (고사동),HRW 고사동점,1111-1111,127.14351,35.8207787
9064,전라남도 목포시 원형동로 53 (상동),HRW 상동점,1111-1111,126.4332617,34.79921525
8233,전라북도 전주시 덕진구 세병2길 10 (송천동2가),HRW 송천동2가점,1111-1111,127.1245692,35.87308211
8034,전라북도 전주시 완산구 백제대로 10 (평화동1가),HRW 평화동1가점,1111-1111,127.1327378,35.79642695
9025,전라남도 목포시 교육로 63 (상동),HRW 상동점,1111-1111,126.4197237,34.80243578
6062,경상북도 경주시 계림로 83 (노동동),HRW 노동동점,1111-1111,129.2132274,35.84160866
6084,경상북도 상주시 중앙로 147 (서문동),HRW 서문동점,1111-1111,128.1543624,36.41602167
9050,전라남도 여수시 웅천로 19-35 (웅천동),HRW 웅천동점,1111-1111,127.6787953,34.74870937
6030,경상북도 포항시 북구 서동로 93 (덕산동),HRW 덕산동점,1111-1111,129.3680302,36.04089872
6006,경상북도 경주시 원효로 112 (노동동),HRW 노동동점,1111-1111,129.2130008,35.84193553
6036,경상북도 포항시 북구 중앙상가길 16 (대흥동),HRW 대흥동점,1111-1111,129.3629426,36.03662665
8051,전라북도 전주시 완산구 용머리로 45 (효자동1가),HRW 효자동1가점,1111-1111,127.1155718,35.80692492
6035,경상북도 안동시 경북대로 418 (옥동),HRW 옥동점,1111-1111,128.6997458,36.56635747
9060,전라남도 여수시 신월로 96 (웅천동),HRW 웅천동점,1111-1111,127.6789339,34.74912398
9020,전라남도 순천시 장명로 22 (장천동),HRW 장천동점,1111-1111,127.4863433,34.9507634
6074,경상북도 영천시 시장2길 10 (완산동),HRW 완산동점,1111-1111,128.9375283,35.96383041
6089,경상북도 포항시 남구 중흥로 77 (상도동),HRW 상도동점,1111-1111,129.3489249,36.01274086
6065,경상북도 문경시 모전로 65 (모전동),HRW 모전동점,1111-1111,128.1903776,36.58731109
6069,경상북도 김천시 혁신2로 15 (율곡동),HRW 율곡동점,1111-1111,128.1834188,36.11487966
6077,경상북도 영주시 구성로 417 (영주동),HRW 영주동점,1111-1111,128.6177743,36.82725022
6043,경상북도 구미시 구미중앙로 44 (원평동),HRW 원평동점,1111-1111,128.327631,36.13010155
6020,경상북도 영주시 구성로350번길 24 (영주동),HRW 영주동점,1111-1111,128.6242233,36.82382982
9030,전라남도 목포시 옥암로 95 (상동),HRW 상동점,1111-1111,126.4260367,34.80736905
6038,경상북도 구미시 산호대로 233 (공단동),HRW 공단동점,1111-1111,128.3849779,36.10427345
6057,경상북도 안동시 경동로 841 (용상동),HRW 용상동점,1111-1111,128.7493517,36.56113333
6064,경상북도 구미시 인동가산로 14 (진평동),HRW 진평동점,1111-1111,128.4179999,36.10712268
6081,경상북도 경산시 대학로28길 6-5 (중방동),HRW 중방동점,1111-1111,128.7366533,35.83306063
7030,경상남도 진주시 진양호로 521 (중안동),HRW 중안동점,1111-1111,128.0826452,35.19286123
7065,경상남도 김해시 장유로 469 (신문동),HRW 신문동점,1111-1111,128.8295969,35.18506211
7036,경상남도 창원시 성산구 용지로 58 (중앙동),HRW 중앙동점,1111-1111,128.6757133,35.22135571
6073,경상북도 경주시 보문로 465-67 (신평동),HRW 신평동점,1111-1111,129.2915184,35.83910275
6079,경상북도 구미시 구미중앙로17길 16 (원평동),HRW 원평동점,1111-1111,128.3348772,36.12897392
6039,경상북도 김천시 김천로 74 (평화동),HRW 평화동점,1111-1111,128.1107884,36.12531536
7031,경상남도 김해시 내외중앙로 137 (내동),HRW 내동점,1111-1111,128.8685668,35.24218502
6019,경상북도 안동시 문화광장길 45 (삼산동),HRW 삼산동점,1111-1111,128.7306876,36.56517125
7055,경상남도 통영시 안개로 37 (무전동),HRW 무전동점,1111-1111,128.4302543,34.85900601
7012,경상남도 창원시 성산구 중앙대로 124 (상남동),HRW 상남동점,1111-1111,128.6818404,35.22456902
7090,경상남도 진주시 에나로127번길 30 (충무공동),HRW 충무공동점,1111-1111,128.1439546,35.18066096
6086,경상북도 경주시 유림로5번길 85-46 (황성동),HRW 황성동점,1111-1111,129.2181197,35.88078865
7093,경상남도 양산시 덕계북길 35 (덕계동),HRW 덕계동점,1111-1111,129.1571707,35.38248834
6071,경상북도 포항시 북구 서동로 83 (덕산동),HRW 덕산동점,1111-1111,129.3673225,36.04096293
7091,경상남도 창원시 성산구 중앙대로100번길 13 (상남동),HRW 상남동점,1111-1111,128.6814352,35.22268673
7080,경상남도 창원시 마산합포구 해안대로 51 (해운동),HRW 해운동점,1111-1111,128.5638149,35.18185396
7020,경상남도 밀양시 백민로 75-1 (내이동),HRW 내이동점,1111-1111,128.746219,35.49928141
7025,경상남도 창원시 의창구 창원대로397번길 6 (팔용동),HRW 팔용동점,1111-1111,128.642192,35.23450624
7082,경상남도 진주시 가호로 13 (가좌동),HRW 가좌동점,1111-1111,128.1071841,35.16330106
7086,경상남도 김해시 율하2로 111 (율하동),HRW 율하동점,1111-1111,128.8134897,35.16999459
6076,경상북도 구미시 야은로 296 (봉곡동),HRW 봉곡동점,1111-1111,128.3151377,36.13861218
7078,경상남도 양산시 강변로 440 (중부동),HRW 중부동점,1111-1111,129.0269178,35.33828201
10023,제주특별자치도 서귀포시 중앙로182번길 38 (동홍동),HRW 동홍동점,1111-1111,126.5630271,33.26195964
7056,경상남도 창원시 마산회원구 3·15대로 750 (합성동),HRW 합성동점,1111-1111,128.5831266,35.23869194
7077,경상남도 김해시 삼문로 12 (대청동),HRW 대청동점,1111-1111,128.8021262,35.19193806
7084,경상남도 창원시 마산합포구 해안대로 7 (월남동5가),HRW 월남동5가점,1111-1111,128.559753,35.18079044
7075,경상남도 진주시 동진로 440 (충무공동),HRW 충무공동점,1111-1111,128.1398421,35.18015436
7066,경상남도 김해시 김해대로 2352 (부원동),HRW 부원동점,1111-1111,128.8841864,35.22585032
7079,경상남도 사천시 해안관광로 109-10 (실안동),HRW 실안동점,1111-1111,128.0375168,34.94960916
7032,경상남도 창원시 마산회원구 3·15대로 736 (합성동),HRW 합성동점,1111-1111,128.5827974,35.23757503
7085,경상남도 양산시 삼호1길 42 (삼호동),HRW 삼호동점,1111-1111,129.1677556,35.41382732
7062,경상남도 창원시 진해구 진해대로 752 (석동),HRW 석동점,1111-1111,128.6974232,35.1588182
10020,제주특별자치도 제주시 도공로 136 (이호이동),HRW 이호이동점,1111-1111,126.4672133,33.49581833
10016,제주특별자치도 제주시 노형로 407 (노형동),HRW 노형동점,1111-1111,126.4783015,33.48582149
10017,제주특별자치도 제주시 삼봉로 11 (삼양이동),HRW 삼양이동점,1111-1111,126.5881551,33.52048969
10011,제주특별자치도 제주시 서광로 288 (이도이동),HRW 이도이동점,1111-1111,126.5272484,33.50009946
10018,제주특별자치도 제주시 구산로 4 (아라일동),HRW 아라일동점,1111-1111,126.5359076,33.48382623
7037,경상남도 거제시 장평로 12 (장평동),HRW 장평동점,1111-1111,128.6164018,34.89105501
7072,경상남도 창원시 마산합포구 동서북14길 24 (동성동),HRW 동성동점,1111-1111,128.575781,35.20607057
10021,제주특별자치도 제주시 과원로 128 (연동),HRW 연동점,1111-1111,126.4946498,33.48069525
10010,제주특별자치도 서귀포시 월드컵로 31 (법환동),HRW 법환동점,1111-1111,126.5073626,33.24706769
