Code,Address,Tell,X,Y
17042,세종특별자치시 장군면 대교리 514-10 번지 초이자동차극장,044-272-7933,127.2122483,36.5027011
17041,세종특별자치시 북구 어진동 510 번지 엠브릿지 지하 1~2층,1544-0070,127.2697257,36.57029333
17040,세종특별자치시 나성동 206 번지 4~6층,02-1544-0070,127.2638736,36.48355031
17039,세종특별자치시 종촌동 673 번지 몰리브 7층,1544-1122,127.247565,36.50259054
16047,광주광역시 동구 불로동 1-21 번지 2층,,126.9146689,35.14690805
16046,광주광역시 광산구 하남동 832 번지 테라스56 피크닉몰 2층,1544-1122,126.8065153,35.17831792
16045,광주광역시 광산구 우산동 1597-1 번지,1544-8855,126.8096399,35.15999884
16044,광주광역시 동구 서석동 47-1 번지 서석동,062-222-1895,126.9222633,35.14691531
16042,광주광역시 동구 충장로4가 29-2 번지 NC웨이브 11층,1544-1122,126.9130788,35.14877567
16041,광주광역시 서구 치평동 1218-1 번지 프리미엄아울렛 6층,1544-1122,126.8510105,35.1542941
16040,광주광역시 동구 황금동 12-2 번지,1544-8855,126.9146542,35.14810216
16039,광주광역시 북구 생용동 90 번지,062-575-5717,126.9006076,35.22385286
16038,광주광역시 북구 용봉동 17-1 번지 굿모닝타운 4층,1544-1122,126.9127098,35.18238292
16037,광주광역시 동구 대인동 7-1 번지,1544-8855,126.9120547,35.15482452
16036,광주광역시 광산구 장덕동 1678 번지,1544-8855,126.819981,35.1896718
16035,광주광역시 광산구 쌍암동 688-4 번지,1544-0070,126.8523512,35.22122185
16027,광주광역시 서구 광천동 49-1 번지 유스퀘어 2-6층,1544-1122,126.8801305,35.16030876
16022,광주광역시 광산구 우산동 1587-1 번지,1544-0070,126.8115111,35.16292831
16021,광주광역시 서구 치평동 1223-3 번지,1544-0070,126.8544072,35.15430059
16020,광주광역시 북구 중흥동 362-2 번지,1544-0070,126.9124475,35.17260412
16015,광주광역시 광산구 쌍암동 694-35 번지,1544-1122,126.8503422,35.21647002
16014,광주광역시 동구 대인동 7-1 번지,1544-8855,126.9120547,35.15482452
16013,광주광역시 동구 충장로5가 62,062-224-5858,126.9124126,35.15044801
15070,"인천광역시 서구 가정동 0 번지 루원지웰시티푸르지오 상가동 지하1층, CGV 인천가정",1544-1122,126.675052,37.52661557
15069,인천광역시 남구 주안동 466-23 번지 지하2층 CGV,032-429-0116,126.6802872,37.45824171
15068,인천광역시 서구 청라동 162-2 번지 마루힐프라자8층,,126.6502995,37.53389293
15067,인천광역시 부평구 갈산동 94 번지 U1 테크로밸리 3~5F 롯데시네마 부평갈산,02-1544-8855,126.7273103,37.51532231
15066,인천광역시 남구 도화동 1011 번지,032-866-2006,126.6651593,37.47004825
15065,인천광역시 연수구 동춘동 926 번지 스퀘어원,,126.6837028,37.40597858
15064,인천광역시 연수구 송도동 8-21 번지 지하1층,1544-1122,126.6419099,37.3840795
15063,인천광역시 남구 학익동 401-21 번지,,126.6518155,37.44559859
15062,인천광역시 중구 중산동 1883-12 번지 3층 롯데시네마 영종하늘도시,,126.5614055,37.48974115
15061,인천광역시 중구 운서동 3088-3 번지 예스타워 영종 7~9층,02-1544-0070,126.4987902,37.49227814
15059,인천광역시 서구 경서동 953-7 번지 3층 305호,032-721-5660,126.6652381,37.55691045
15058,인천광역시 남구 관교동 15 번지 지하1층 롯데시네마,,126.7013298,37.4414179
15057,인천광역시 서구 청라동 165-12 번지 지젤M청라 4층 메가박스 청라지젤,1544-0070,126.655713,37.5336864
15056,인천광역시 연수구 청학동 496-4 번지 연수광장프라자 8층,1544-1122,126.6771125,37.4177322
15055,인천광역시 연수구 송도동 176-5 번지 트리플 스트리트 D동 2층,02-1544-0070,126.6628383,37.37865144
15054,인천광역시 서구 연희동 378 번지,02-1544-8855,126.6639594,37.5465308
15052,인천광역시 남동구 논현동 747-1 번지 라피에스타 6층,1544-0070,126.7274142,37.39740566
15051,인천광역시 서구 당하동 1098-5 번지 홀리랜드 4층 메가박스 검단,032-565-5660,126.6754054,37.58795188
15050,인천광역시 강화군 강화읍 239 번지 강화문예회관 2층,032-934-7717,126.4738959,37.74602579
15044,인천광역시 동구 송현동 92-7 번지,032-764-6920,126.6343331,37.47550489
15043,인천광역시 연수구 동춘동 926 번지 스퀘어원 쇼핑몰 4층,1544-1122,126.6837028,37.40597858
15039,인천광역시 남동구 논현동 646-2 번지 4층,1544-1122,126.7085895,37.40225863
15036,"인천광역시 부평구 부평동 738-21 번지 7,8층",1544-8855,126.7226868,37.48967621
15035,인천광역시 남구 주안동 166-1 번지,032-867-9168,126.6806189,37.46127925
15024,인천광역시 계양구 작전동 899-1 번지 8~11층,1544-1122,126.7345167,37.53385243
15023,인천광역시 부평구 부평동 152-1 번지,1544-8855,126.7266177,37.49381019
15020,인천광역시 남구 주안동 30-1 번지 카라아울렛 6~10층,1544-1122,126.6803961,37.46554024
15019,인천광역시 부평구 청천동 386 번지 아이즈빌 3층 영화관사무실,1544-1122,126.7034894,37.52184419
15017,인천광역시 중구 경동 238 번지,032-761-7177,126.6298263,37.47235388
15010,인천광역시 부평구 부평동 534-27 번지,032-503-3330,126.7222943,37.49105482
15005,인천광역시 남동구 구월동 1130 번지 씨앤씨빌딩 4층,1544-1122,126.7018872,37.4519298
14020,울산광역시 동구 방어동 58-2 번지,052-232-8501,129.4309499,35.48988356
14018,울산광역시 울주군 범서읍 225-1 번지 INGG CINEPARK,052-246-1245,129.251903,35.5528042
14017,울산광역시 북구 신천동 51 번지 신천CGV LEEPLEX 6층,,129.3557544,35.63495988
14015,울산광역시 울주군 상북면 517 번지 영남알프스 복합웰컴센터,052-254-0267,129.0722273,35.60218291
14014,울산광역시 중구 성남동 256-24 번지,1544-8855,129.3205125,35.55316543
14013,울산광역시 남구 삼산동 1569-1 번지 업스퀘어 5층,1544-1122,129.338829,35.54196237
14012,울산광역시 북구 산하동 166-1 번지,052-298-6622,129.4313374,35.64026327
14009,울산광역시 중구 성남동 251-8 번지 2층,1544-0070,129.321087,35.55436205
14003,울산광역시 동구 서부동 110-1 번지,052-209-7812,129.4309786,35.52297793
14001,울산광역시 남구 삼산동 1480-1 번지,1544-8855,129.3383354,35.53844969
13039,대전광역시 대덕구 오정동 172-5 번지 3층,042-623-1623,127.4213985,36.35133468
13038,대전광역시 유성구 도룡동 3-1 번지 대전신세계아트앤사이언스 6층,1544-0070,127.3843147,36.37736166
13037,대전광역시 유성구 용산동 579 번지 현대프리미엄아울렛 대전점 3~4층,1544-0070,127.3986899,36.42390908
13036,대전광역시 중구 문화동 1-13 번지 기독교연합봉사회관 1층 1호,,127.4098094,36.32108013
13035,대전광역시 서구 관저동 1735 번지 디펠리체 5층 롯데시네마,02-1544-8855,127.3337162,36.30258788
13034,대전광역시 서구 가수원동 1042 번지,042-545-0038,127.350751,36.3054743
13033,대전광역시 중구 대흥동 205-1 번지 4층,1544-0070,127.4241232,36.32764974
13032,대전광역시 서구 둔산동 1279 번지,1544-8855,127.379419,36.35185284
13030,대전광역시 서구 탄방동 744 번지 세이탄방점 7층,,127.3888549,36.34717921
13029,대전광역시 유성구 지족동 905-4 번지 지족동 노은타운 7층,1544-1122,127.3185063,36.37254666
13028,대전광역시 서구 월평동 243 번지,1544-8855,127.3789323,36.36191306
13027,대전광역시 동구 가오동 557 번지 4층,1544-1122,127.4580201,36.30693719
13026,대전광역시 동구 용전동 63-3 번지,1544-1122,127.436638,36.35038339
13021,대전광역시 서구 오동 181-1 번지,042-863-0104,127.3174299,36.23184279
13019,대전광역시 동구 중동 27-11 번지 3층,042-472-1138,127.4304608,36.33013337
13017,대전광역시 서구 탄방동 746 번지 로데오타운 5층,1544-0070,127.3880059,36.34729915
13012,대전광역시 중구 문화동 1-16 번지 세이백화점 별관 6층,1544-1122,127.4089631,36.32101151
13007,대전광역시 서구 괴정동 423-1 번지,1544-8855,127.3895612,36.34062864
12058,대구광역시 달서구 죽전동 273-27 번지 골든타워 8~11층 CGV 대구죽전,1544-1122,128.5363531,35.85054214
12057,대구광역시 북구 칠성동2가 20-1 번지,1544-1122,128.5900898,35.88491473
12056,대구광역시 북구 연경동 1078-2 번지 4층 CGV극장,053-986-6200,128.6227998,35.94124552
12055,대구광역시 달성군 현풍면 중리 490 번지 4층 롯데시네마,,128.4548736,35.69320573
12054,대구광역시 동구 봉무동 1548 번지 메가맥스타워 2층,02-1544-0070,128.635488,35.92077495
12053,대구광역시 중구 국채보상로 547 (종로1가),1544-8855,128.5904144,35.87095209
12051,대구광역시 동구 신천동 1506 번지 신세계백화점 8층,1544-0070,128.6289974,35.8778437
12050,대구광역시 달서구 월성동 1846 번지 이래타워 4층,053-609-3005,128.5270827,35.82456727
12048,대구광역시 달서구 상인동 241 번지,1544-8855,128.5392746,35.81644718
12047,대구광역시 중구 수동 1-6 번지 1층,053-425-3553,128.5893719,35.87071898
12045,대구광역시 중구 남일동 65-1 번지 아카데미시네마 3층-8층,1544-1122,128.5941982,35.86992985
12044,대구광역시 수성구 범물동 1273 번지,1544-1122,128.6406456,35.82124832
12043,대구광역시 중구 동성로2가 88-22 번지 엑슨밀라노 7층,1544-1122,128.5953217,35.8704569
12042,대구광역시 서구 내당동 463-62 번지 M프라자4층,1544-8855,128.5507765,35.85569898
12035,대구광역시 중구 계산동2가 200 번지 지하2층 (계산동2가),1544-1122,128.5905923,35.86674768
12034,대구광역시 수성구 대흥동 504 번지,1544-1122,128.6866383,35.8297517
12033,대구광역시 동구 봉무동 1545 번지,1544-1533,128.6371292,35.92156248
12032,대구광역시 동구 율하동 1117 번지,1544-8855,128.693367,35.86860224
12031,"대구광역시 북구 구암동 769-1 번지 5층 일부, 6~9층",1544-8855,128.5638801,35.94217347
12030,대구광역시 중구 동성로2가 66-1 번지 (동성로 2가),1544-8855,128.5966397,35.87016408
12029,대구광역시 중구 동성로2가 66-1 번지 더락 4층,1544-8855,128.5966397,35.87016408
12022,대구광역시 북구 동천동 894-1 번지,1544-1122,128.5603302,35.9441102
12018,대구광역시 동구 용수동 50-1 번지,053-985-5080,128.6937974,35.98719389
12015,대구광역시 북구 동천동 895-2 번지 씨네피아 5~11층,1544-0070,128.5617191,35.94406446
12014,대구광역시 달서구 이곡동 1244-1 번지,1544-8855,128.5077685,35.85431023
11077,부산광역시 영도구 동삼동 19-2 번지,051-405-8745,129.091078,35.07812356
11075,부산광역시 기장군 기장읍 시랑리 287 번지,051-714-4110,129.2248194,35.20221289
11072,부산광역시 강서구 명지동 3586-4 번지 8층 9층 CGV 부산명지,1544-1122,128.9031203,35.09443696
11070,부산광역시 강서구 명지동 3432-3 번지 부산대방디엠시티 센텀오션2차 2층,02-1544-8855,128.9116633,35.09284148
11067,부산광역시 부산진구 부전동 227-2 번지 서면피에스타 11층,,129.0596058,35.15301177
11063,부산광역시 기장군 정관읍 717-6 번지 조은플러스 10층 CGV,051-717-3850,129.1783912,35.32141457
11062,부산광역시 기장군 정관읍 777-1 번지 5층,02-1544-0070,129.1783543,35.3194332
11061,부산광역시 중구 남포동5가 12-1 번지,02-1544-8855,129.0294778,35.09849922
11059,부산광역시 금정구 장전동 292-4 번지 라퓨타아일랜드,,129.0881153,35.23010859
11058,부산광역시 해운대구 우동 539-10 번지,1544-1122,129.158492,35.16297713
11057,부산광역시 금정구 부곡동 298-2 번지,1544-8855,129.0897954,35.22832139
11056,부산광역시 기장군 기장읍 당사리 64 번지 동부산 롯데몰 3층 롯데시네마 동부산,1544-8855,129.2112131,35.19355873
11055,부산광역시 중구 중앙동7가 20-1 번지 시네마동 9층,1544-8855,129.0361039,35.09799478
11054,부산광역시 중구 중앙동7가 20-1 번지 시네마동 9층,1544-8855,129.0361039,35.09799478
11053,부산광역시 사하구 하단동 526-6 번지 CGV 하단아트몰링,1544-1122,128.966369,35.1066812
11052,부산광역시 북구 덕천동 398-2 번지,1544-0070,129.0075244,35.2111692
11051,부산광역시 해운대구 우동 1467 번지,051-780-6050,129.1271914,35.17116714
11046,부산광역시 해운대구 우1동 1495 번지 신세계백화점서관 7층,1544-1122,129.1296309,35.16892183
11045,부산광역시 연제구 거제2동 1208 번지 홈플러스,1544-1122,129.0614194,35.19090452
11044,부산광역시 해운대구 우동 1495 번지 신세계백화점 서관 7층,1544-1122,129.1296309,35.16892183
11040,부산광역시 동래구 온천동 502-3 번지,1544-8855,129.0774471,35.21180226
11039,부산광역시 해운대구 우동 1496 번지 롯데백화점 8층,1544-8855,129.1310949,35.16983906
11038,부산광역시 해운대구 우동 1496 번지 롯데백화점 8층,1544-8855,129.1310949,35.16983906
11034,부산광역시 남구 대연동 73-15 번지 5층,1544-1122,129.0992624,35.13734116
11027,부산광역시 동래구 온천동 153-8 번지 SK허브스카이 6층,1544-1122,129.0855782,35.22129377
11026,부산광역시 해운대구 좌동 1467-4 번지 8층,1544-0070,129.1770474,35.17052912
11025,부산광역시 해운대구 좌동 1479-1 번지 웅신시네아트7층,1544-8855,129.1766626,35.16914572
11024,부산광역시 사상구 괘법동 533-1 번지 부산서부버스터미널 애플아울렛 본관동 4~5층,1544-0070,128.981971,35.16332653
11020,부산광역시 중구 남포동5가 18-1 번지,1544-0070,129.0287575,35.09861701
11019,부산광역시 북구 화명동 2275-1 번지 센추리빌딩,1544-1122,129.0097639,35.2347543
11009,부산광역시 부산진구 부전동 503-15 번지 롯데백화점 10층,1544-8855,129.0560024,35.15664187
11008,부산광역시 부산진구 전포동 668-1 번지 6층,1544-8855,129.063134,35.15704507
11007,부산광역시 부산진구 전포동 892-20 번지 지오플레이스 5층,1544-1122,129.0639385,35.14940209
10023,제주특별자치도 서귀포시 동홍동 1372-1 번지,02-1544-0070,126.56279,33.26164955
10022,제주도 서귀포시 안덕면 서광리 635-21 번지 신화월드 메리어트관 G층,064-908-1247,126.3249394,33.30543103
10021,제주특별자치도 제주시 연동 1454 번지 롯데시네마 제주연동(나인몰) B1F,02-1544-8855,126.4946309,33.48069435
10020,제주특별자치도 제주시 이호이동 257 번지,,126.4671612,33.49564104
10019,제주특별자치도 제주시 한림읍 887-2 번지 한림작은영화관 1층,,126.283868,33.42571209
10018,제주특별자치도 제주시 아라일동 2574 번지,,126.5358762,33.48387029
10017,제주특별자치도 제주시 삼양이동 1477-8 번지,064-755-5800,126.5882325,33.52055452
10016,제주특별자치도 제주시 노형동 1288-5 번지 노형타워 5층,,126.4783402,33.48587918
10011,제주특별자치도 제주시 이도이동 1776-3 번지 302~306호,1544-1122,126.5273371,33.50009498
10010,제주특별자치도 서귀포시 법환동 914 번지 월드컵경기장내,1544-8855,126.5090071,33.24646757
9074,전라남도 영암군 영암읍 36-30 번지,,126.7015539,34.80019392
9073,전라남도 순천시 해룡면 99 번지 순천만플라자 모다아울렛 3층,,127.5712708,34.93468336
9072,전라남도 담양군 담양읍 112-6 번지,,126.9652687,35.32450127
9071,전라남도 영광군 영광읍 87 번지 영광작은영화관,061-350-5693,126.4993885,35.26945405
9070,전라남도 곡성군 곡성읍 776-6 번지,061-363-7053,127.28955,35.27929916
9069,전라남도 함평군 함평읍 828-56 번지 함평자동차극장,,126.5226249,35.05887843
9066,전라남도 보성군 보성읍 2-27 번지,061-852-7050,127.0783454,34.76512973
9065,전라남도 해남군 해남읍 355-1 번지,061-533-7717,126.6195561,34.54166222
9064,전라남도 목포시 상동 1129-6 번지 CGV 목포평화광장,,126.4332144,34.79933147
9062,"전라남도 화순군 화순읍 88 번지 군민회관, 서양정 2층",061-373-7053,126.9854839,35.06149141
9061,전라남도 순천시 해룡면 2139 번지 CGV 순천신대,,127.5523718,34.92598028
9060,전라남도 여수시 웅천동 1720-1 번지,1544-0070,127.6789314,34.74910421
9058,전라남도 나주시 빛가람동 203-3 번지 4층,,126.7930191,35.02388876
9057,전라남도 완도군 완도읍 9-191 번지 완도문화예술의전당,,126.7415462,34.32389449
9056,전라남도 진도군 진도읍 1140 번지 진도아리랑 시네마,061-544-7790,126.2240671,34.46175171
9055,전라남도 여수시 소호동 928 번지,061-691-6263,127.6428376,34.73045804
9054,전라남도 광양시 금호동 624-24 번지 몰오브광양 2~3층,,127.7231615,34.93524871
9053,전라남도 광양시 광양읍 1834 번지 LF스퀘어 3층 가든동,,127.5921129,34.93077509
9052,전라남도 고흥군 고흥읍 914 번지,061-830-580,127.2464891,34.60944606
9051,전라남도 장흥군 장흥읍 318-2 번지 장흥국민체육센터 4층,061-862-7053,126.911006,34.66328945
9050,전라남도 여수시 웅천동 1720-3 번지 2층~8층,1544-1122,127.6787546,34.74874761
9048,전라남도 구례군 용방면 931 번지,061-783-8993,127.4129456,35.27356831
9030,전라남도 목포시 상동 860-1 번지 쇼핑천국포르모 3층,1544-0070,126.4258307,34.80730353
9029,전라남도 순천시 덕암동 151 번지 701호,1544-0070,127.5108664,34.94123935
9025,전라남도 목포시 상동 892 번지,1544-1122,126.4198636,34.80250894
9020,전라남도 순천시 장천동 54-1 번지,1544-1122,127.4863298,34.95076043
8238,전라북도 장수군 장수읍 474 번지 장수한누리전당 가람관 1층,063-353-7718,127.5062514,35.62159472
8237,전라북도 임실군 임실읍 277 번지 지하1층,,127.2869717,35.61506715
8235,전라북도 남원시 고죽동 66-3 번지 4층,063-635-3927,127.4114706,35.4257537
8234,전라북도 전주시 덕진구 송천동2가 1422 번지 파인트리몰 5~6층,02-1544-8855,127.1209406,35.86703955
8233,전라북도 전주시 덕진구 송천동2가 1329-1 번지 로마네시티 현대썬앤빌 전주 4~8층 CGV,063-253-7300,127.1245945,35.87307997
8232,전라북도 군산시 조촌동 450-21 번지,02-1544-8855,126.7385867,35.97644836
8231,전라북도 전주시 완산구 효자동3가 1531-2 번지 엠스퀘어 6층~8층,,127.1064566,35.81682394
8230,전라북도 군산시 나운동 124-4 번지,,126.7055315,35.96430133
8228,전라북도 전주시 완산구 고사동 355-1 번지,063-252-4323,127.1421042,35.82030437
8227,전라북도 전주시 완산구 고사동 355-1 번지,063-252-4323,127.1421042,35.82030437
8226,전라북도 전주시 완산구 고사동 355-1 번지,1544-1122,127.1421042,35.82030437
8225,전라북도 순창군 순창읍 471 번지 작은영화관,063-653-7057,127.1447991,35.37406603
8223,전라북도 완주군 봉동읍 881 번지,063-263-9012,127.1151615,35.98031419
8055,전라북도 진안군 진안읍 143 번지 마이골 작은영화관,,127.4231186,35.78921574
8054,전라북도 전주시 덕진구 장동 1111 번지 2층,1544-0070,127.0601371,35.83900401
8053,전라북도 전주시 완산구 고사동 181 번지 메가박스 전주객사,1544-0070,127.1437279,35.82088608
8052,전라북도 익산시 모현동1가 876 번지 4층 롯데시네마 익산모현,,126.9397275,35.94990209
8051,전라북도 전주시 완산구 효자동1가 434 번지 Mall of Hyoja 2층,1544-1122,127.115881,35.80703418
8049,전라북도 고창군 고창읍 읍내리 457 번지,063-564-1340,126.7025854,35.43166659
8048,전라북도 정읍시 수성동 525-1 번지,1544-1122,126.8495497,35.56989245
8042,전라북도 전주시 완산구 고사동 429-5 번지 전주영화제작소 4층,063-231-3377,127.1425391,35.818379
8041,전라북도 군산시 나운동 114-34 번지 롯데시네마,,126.7047407,35.96168902
8034,전라북도 전주시 완산구 평화동1가 604-1 번지,1544-8855,127.1324973,35.79622755
8022,전라북도 전주시 덕진구 송천동2가 661-15 번지 메가박스,1544-0070,127.1143438,35.86947474
8021,전라북도 익산시 영등동 149-1 번지 4층,1544-1122,126.9737618,35.95806265
8020,전라북도 전주시 완산구 서신동 971 번지 롯데백화점 7층,1544-8855,127.1217984,35.83453032
8016,전라북도 전주시 완산구 고사동 340-3 번지,063-283-7722,127.1413654,35.82027186
7095,경상남도 의령군 의령읍 712 번지,055-573-7718,128.2787018,35.32881831
7094,경상남도 함안군 가야읍 58-132 번지 함안군 작은영화관,02-2214-7718,128.4107698,35.27753115
7093,경상남도 양산시 덕계동 234-12 번지,055-912-7001,129.1574377,35.38253831
7092,경상남도 하동군 하동읍 237-13 번지 CINEQ 하동 3~4층,02-6978-5709,127.7492962,35.06922447
7091,경상남도 창원시 성산구 상남동 77-4 번지,,128.6813877,35.22272009
7090,"경상남도 진주시 충무공동 225-1 번지 어반스퀘어 4,5층",1544-1122,128.1439473,35.18061942
7089,경상남도 산청군 신안면 930-1 번지 2층,055-973-7717,127.9711636,35.30132559
7088,경상남도 고성군 고성읍 77-1 번지,055-672-6565,128.3565563,34.9488376
7087,경상남도 창원시 마산회원구 내서읍 1043-1 번지 10층,1544-0070,128.5106805,35.24902986
7086,경상남도 김해시 율하동 1347-2 번지 3층,,128.8135024,35.16999337
7085,경상남도 양산시 삼호동 1010-3 번지 6층 CGV양산삼호점,,129.1678488,35.41392223
7084,경상남도 창원시 마산합포구 월남동5가 4-1 번지 롯데시네마 프리미엄 경남대,055-1544-8855,128.559775,35.1807915
7083,경상남도 양산시 물금읍 1292 번지,1544-0070,129.0093962,35.30986784
7082,경상남도 진주시 가좌동 700-1 번지 롯데시네마 진주엠비씨네,02-1544-8855,128.1073408,35.16375402
7080,경상남도 창원시 마산합포구 해운동 68 번지 유로스퀘어 6층,1544-0070,128.5638613,35.18187069
7079,경상남도 사천시 실안동 1265 번지 아르떼 리조트 본관 4층,1544-0070,128.0375375,34.94949421
7078,경상남도 양산시 중부동 685-6 번지,1544-0070,129.0269332,35.33826929
7077,경상남도 김해시 대청동 302-5 번지 CGV 김해장유,,128.802007,35.19192819
7076,경상남도 양산시 물금읍 1269-13 번지 큐엠시네마타워 4층,1544-8855,129.0018885,35.31801656
7075,경상남도 진주시 충무공동 35 번지 진주롯데몰,02-1544-8855,128.1399268,35.18010602
7074,경상남도 합천군 합천읍 512 번지 합천시네마,055-932-7053,128.1576556,35.56761437
7073,경상남도 남해군 남해읍 760 번지 남해문화체육센터,055-862-7718,127.8973251,34.85271769
7072,경상남도 창원시 마산합포구 동성동 268 번지,070-8802-6438,128.5757625,35.20606328
7071,경상남도 사천시 사천읍 331 번지,,128.082374,35.0809256
7069,경상남도 거창군 거창읍 90-2 번지 (고센시티8층),010-6898-0806,127.9125472,35.68272059
7068,대전광역시 유성구 봉명동 1016-7 번지 센트럴프라자 5층,1544-0070,127.3446185,36.35238014
7066,경상남도 김해시 부원동 1046 번지 아이스퀘어몰 4~5층,1544-8855,128.8842157,35.22586442
7065,경상남도 김해시 신문동 1414 번지 롯데아울렛 신관 4층,1544-8855,128.8290165,35.18505397
7062,경상남도 창원시 진해구 석동 543-3 번지,1544-8855,128.6974125,35.15880005
7056,경상남도 창원시 마산회원구 합성2동 267 번지,1544-8855,128.5837114,35.23893625
7055,경상남도 통영시 무전동 986 번지,1544-8855,128.4302777,34.85915281
7052,경상남도 창원시 의창구 대원동 122 번지 더시티세븐 3층,1544-1122,128.6357507,35.30504192
7037,경상남도 거제시 장평동 1211 번지 디큐브 백화점 6층,1544-1122,128.6165885,34.8910653
7036,경상남도 창원시 성산구 중앙동 99-1 번지 메가플렉스 8층,1544-0070,128.6757205,35.22134961
7032,경상남도 창원시 마산회원구 합성동 126-4 번지 보보스존 12층(구 엠파크8),1544-1122,128.582373,35.23755651
7031,경상남도 김해시 내동 1131-4 번지 휴앤락몰 4층,1544-1122,128.8685762,35.24216452
7030,경상남도 진주시 중안동 12-13 번지 4층,1544-0070,128.0826172,35.19281994
7025,경상남도 창원시 의창구 팔용동 30-1 번지 뉴코아아울렛 9층~11층,1544-1122,128.6419966,35.23459691
7020,경상남도 밀양시 내이동 1565-16 번지,055-356-3606,128.7461835,35.49927883
7012,경상남도 창원시 성산구 상남동 79 번지,1544-8855,128.6819142,35.22454166
6090,경상북도 성주군 성주읍 597-2 번지 3층,054-932-7717,128.271054,35.90674809
6089,"경상북도 포항시 남구 상도동 582 번지 7, 8층",1544-0070,129.3489088,36.01273127
6088,경상북도 영천시 완산동 1402 번지 고은스퀘어 2층 롯데시네마 영천,054-337-0740,128.9407931,35.96304303
6087,경상북도 울진군 후포면 857-8 번지 엠시네마 자동차극장,054-788-7800,129.4432701,36.69383377
6086,경상북도 경주시 황성동 800-22 번지,02-1544-8855,129.2181328,35.88079953
6085,경상북도 의성군 의성읍 508-1 번지 1층,054-833-7718,128.6966333,36.35337679
6084,경상북도 상주시 서문동 140-2 번지,,128.1543916,36.41607137
6083,경상북도 예천군 호명면 산합리 1430 번지 3층,1544-0070,128.4929243,36.57540966
6082,경상북도 칠곡군 석적읍 608 번지 칠곡호이영화관 및 청소년문화의 집,054-977-7053,128.4271537,36.07458983
6081,경상북도 경산시 중방동 897 번지 2층 CGV극장,053-812-8970,128.7367096,35.83305761
6080,경상북도 울진군 울진읍 77-2 번지 울진군청별관,054-782-7717,129.4000965,36.99224377
6079,경상북도 구미시 원평동 147-9 번지 5층 롯데시네마 사무실,1544-8855,128.3347477,36.12910896
6077,경상북도 영주시 구성로 417,054-634-3000,128.6177743,36.82725022
6076,경상북도 구미시 봉곡동 36 번지 4층,1544-1533,128.3151981,36.13827027
6075,경상북도 포항시 남구 오천읍 1134 번지,1544-0070,129.4034333,35.97450123
6074,경상북도 영천시 완산동 982-34 번지 영철공설시장 2층 202호,054-338-7053,128.937584,35.96384665
6073,경상북도 경주시 신평동 150-10 번지 2-4층,1544-1533,129.2912385,35.83942772
6071,경상북도 포항시 북구 덕산동 113-12 번지 포항시립중앙아트홀 2층,054-289-7921,129.3673331,36.04095398
6070,경상북도 경산시 하양읍 607 번지,053-782-7458,128.7978298,35.89975341
6069,경상북도 김천시 율곡동 1123 번지 더스퀘어 3층,,128.1834378,36.11487309
6068,경상북도 영양군 영양읍 2-15 번지 영양문화원 2층,054-683-7053,129.1175713,36.66347351
6066,경상북도 고령군 대가야읍 471-1 번지 대가야역사테마관광지 내,054-954-7053,128.2609455,35.71876025
6065,경상북도 문경시 모전동 859-2 번지 홈플러스 1층,1544-0070,128.1902747,36.58731142
6064,경상북도 구미시 진평동 1023-2 번지 시네마월드 7층,1544-0070,128.4179313,36.10712599
6062,경상북도 경주시 노동동 73-2 번지 2층,1544-8855,129.2132461,35.84160483
6057,경상북도 안동시 용상동 1426-1 번지 CGV 안동 3층,1544-1122,128.7493636,36.56113279
6043,경상북도 구미시 원평동 68-1 번지,1544-1122,128.3275637,36.13008209
6039,경상북도 김천시 평화동 245-82 번지 한일빌딩 4층,1544-0070,128.1107609,36.12523636
6038,"경상북도 구미시 공단동 253-2 번지 4층일부,5~7층전체",1544-8855,128.3849773,36.10425578
6036,경상북도 포항시 북구 대흥동 563-3 번지 3층~9층,1544-8855,129.3629629,36.03662777
6035,경상북도 안동시 옥동 734 번지 A동 401/501호 (옥동 테마프라자),1544-8855,128.6999962,36.56622875
6030,경상북도 포항시 북구 덕산동 235-4 번지,1544-1122,129.3681865,36.04075149
6020,경상북도 영주시 영주동 377-18 번지,054-634-8855,128.6242519,36.82382659
6019,경상북도 안동시 삼산동 140-5 번지 3층,054-854-5500,128.7308001,36.56513062
6006,경상북도 경주시 노동동 55-1 번지,1544-0070,129.2128332,35.8416491
5074,충청남도 천안시 동남구 성남면 188-6 번지,041-555-4895,127.2622731,36.7565928
5073,"충청남도 아산시 온천동 79-1 번지 아산시네파크 CGV아산 5,6층",1544-1122,127.0084551,36.78023829
5072,충청남도 천안시 동남구 청당동 547 번지 롯데시네마,1544-8855,127.1560995,36.78304383
5071,충남 천안시 서북구 불당21로 67-8 (불당동) 7층,1544-8855,127.1082647,36.81326947
5070,"충청남도 천안시 서북구 불당동 1485 번지 센트에비뉴 2층,3층, 4층",041-569-0728,127.1101017,36.81913121
5068,"충청남도 당진시 수청동 1041 번지 7,8,9층",070-1811-7707,126.64669,36.88723197
5067,충청남도 천안시 서북구 불당동 1616 번지 지앤지홀딩스타워 5~8층,070-5038-4565,127.1074796,36.81252806
5066,충청남도 논산시 내동 452 번지 CGV타워 3층,,127.0975176,36.18308496
5065,"충청남도 논산시 내동 382-32 번지 우리메가박스타운 3,4층",02-1544-0070,127.0990291,36.18989757
5064,충청남도 천안시 동남구 신부동 363-2 번지 신세계백화점 충청점 B관 4층 CGV 천안터미널,1544-1122,127.1542863,36.81939483
5063,충청남도 금산군 금산읍 334-24 번지,041-751-7668,127.4907476,36.09927696
5061,충청남도 청양군 청양읍 191-5 번지 청양군문화체육센타,041-942-7053,126.7687121,36.4473467
5060,충청남도 보령시 대천동 324-4 번지 CGV 보령,041-935-0705,126.592857,36.34957782
5059,충청남도 보령시 대천동 422-4 번지,041-936-4503,126.5907426,36.3520762
5058,충청남도 홍성군 홍북읍 555 번지 6층 메가박스 홍성내포점,02-1544-0070,126.6282051,36.6257867
5057,충청남도 태안군 태안읍 8-2 번지 동문리,041-673-2192,126.3111864,36.75513357
5056,충청남도 예산군 예산읍 233-4 번지,041-335-2331,126.8625164,36.67891221
5055,충청남도 부여군 부여읍 617 번지 3층,041-837-4501,126.9525055,36.3181661
5054,충청남도 천안시 동남구 문화동 99-1 번지 파리빌딩 지하1층,041-622-5772,127.1520961,36.80710412
5053,충청남도 천안시 동남구 문화동 101-2 번지 천안시 영상미디어센터,041-415-0098,127.1520532,36.80827224
5051,충청남도 서천군 장항읍 137-1 번지 기벌포영화관,041-956-7939,126.6914267,36.02115188
5049,충청남도 서산시 동문동 1029-1 번지 서산 디퍼아울렛,1544-1122,126.4564611,36.77856467
5046,충청남도 당진시 읍내동 1532 번지 읍내동,1544-1122,126.6303463,36.90193651
5045,충청남도 아산시 모종동 555-5 번지 아산터미널영화관 9~10층,1544-8855,127.0158206,36.78473527
5043,충청남도 천안시 서북구 불당동 1289 번지 펜타포트 주상복합상가 5F,1544-1122,127.1013752,36.79828786
5041,충청남도 홍성군 홍성읍 1042 번지 5층,1544-1122,126.6762807,36.60107184
5039,충청남도 서산시 동문동 193-1 번지,1544-8855,126.4656683,36.77885602
5038,세종특별자치시 강서구 조치원읍 24-1 번지,1544-0070,127.2697257,36.57029333
5034,충청남도 홍성군 홍북읍 88-47 번지,041-631-8123,126.6622268,36.64338317
5027,충청남도 천안시 동남구 대흥동 102-10 번지 오렌지시네스타 5층,1544-1122,127.1483881,36.80769618
5026,충청남도 부여군 부여읍 구아리 209-1 번지,041-833-9999,126.9117019,36.28140362
5023,충청남도 천안시 서북구 두정동 68-16 번지 센트하임프라자 3층,1544-0070,127.1478941,36.83243776
5021,충청남도 공주시 신관동 248-11 번지,1544-0070,127.1388788,36.47356023
4052,충청북도 제천시 모산동 203-13 번지,043-641-4933,128.2120912,37.17627817
4051,충청북도 음성군 음성읍 536-6 번지 설성문화회관 3층,,127.6905703,36.93486205
4050,충청북도 제천시 강제동 304-21 번지,1544-1122,128.2219327,37.1235054
4049,충청북도 보은군 보은읍 116-1 번지,070-5117-5819,127.7485367,36.50898693
4048,"충청북도 충주시 교현동 539-1 번지 5,6,7,8층",070-7525-0037,127.9278462,36.98101443
4047,"충청북도 충주시 중원대로 3683 (3, 4층)",1544-8855,127.898156,36.96148211
4046,충청북도 음성군 맹동면 500 번지 동성리,070-4252-9830,127.5137148,36.93035656
4045,충청북도 청주시 흥덕구 가경동 1416-3 번지 8층,043-232-6344,127.4312372,36.62617401
4044,충청북도 청주시 서원구 사창동 488 번지,02-1544-0070,127.4604464,36.63256811
4043,충청북도 청주시 상당구 율량동 500-3 번지 그랜드 프라자 청주 3관 2층,,127.5397081,36.56909028
4042,충청북도 괴산군 칠성면 율원리 4-7 번지,043-760-4303,127.8587512,36.77602352
4041,충청북도 옥천군 옥천읍 408-15 번지 향수시네마,,127.5753055,36.30389555
4039,충청북도 청주시 상당구 용암동 1703 번지,1544-8855,127.503085,36.60702586
4038,충청북도 영동군 영동읍 679-4 번지 영동 레인보우 영화관,043-743-7718,127.7774646,36.17302833
4037,충청북도 진천군 진천읍 652 번지 진천터미널,1544-0070,127.4394972,36.85992684
4036,"충청북도 청주시 흥덕구 복대동 288-14 번지 3,4층",1544-1122,127.4276124,36.64233356
4031,충청북도 청주시 흥덕구 비하동 811 번지 롯데아울렛 4층,1544-8855,127.4215819,36.64512947
4024,충청북도 청주시 상당구 북문로1가 170-1 번지,1544-1122,127.4880959,36.63524855
4019,충청북도 청원군 강외면 서평리 600-4 번지,043-238-0590,127.5092184,36.71256004
4017,충청북도 청주시 상당구 서문동 29-2 번지,1544-1122,127.4869364,36.63498063
4014,충청북도 청원군 오창읍 양청리 820-1 번지 메가시티 4층 메가박스 오창,02-1544-0070,127.5092184,36.71256004
4012,충청북도 충주시 성서동 273 번지,1544-0070,127.9328325,36.97122411
3220,강원도 인제군 기린면 3-1 번지 기린체육문화센터 2층,033-460-8973,128.3571833,38.0191011
3218,강원도 춘천시 석사동 980 번지 춘천 NH타운_ENTA 2층,1544-0070,127.7480948,37.86327642
3217,강원도 인제군 북면 원통리 459-4 번지 2층,,128.2066744,38.12015085
3216,강원도 고성군 간성읍 146-3 번지 달홀문화센터,033-680-4068,128.4740097,38.37912264
3215,강원도 속초시 금호동 473-235 번지 속초센텀마크 3층 롯데시네마,,128.5888284,38.20319434
3214,강원도 정선군 고한읍 63-54 번지 고한작은영화관,033-592-7053,128.8571468,37.1994877
3213,"강원도 양양군 양양읍 210-36 번지 3층, 4층",033-673-7050,128.6244877,38.07442434
3212,강원도 인제군 인제읍 388 번지,,128.1652582,38.06075434
3211,강원도 횡성군 횡성읍 281-1 번지 횡성시네마,033-343-1088,128.0292772,37.48397274
3210,강원도 양구군 양구읍 353-1 번지 정중앙시네마 2층,033-482-7053,127.9849739,38.10877605
3209,강원도 강릉시 구정면 478-132 번지,033-645-7200,128.8962672,37.69382267
3208,강원도 원주시 무실동 1857-2 번지,02-1544-8855,127.9310002,37.3337704
3207,강원도 정선군 정선읍 144-9 번지 아리아리 정선시네마,033-563-5703,128.6641251,37.37862738
3206,강원도 춘천시 온의동 587-8 번지 뉴타운빌딩 2층,02-1544-0070,127.7200145,37.86653063
3205,강원도 철원군 철원읍 988-2 번지,033-458-7053,127.2188739,38.21124286
3204,강원도 원주시 반곡동 1903-3 번지 센트럴파크 7층,1544-0070,127.9865923,37.32776483
3203,강원도 삼척시 성남동 173-3 번지,033-575-7053,129.1583504,37.43996041
3201,강원도 평창군 용평면 374-2 번지 용평복지회관 2층,033-334-7053,128.49452,37.64188018
3200,강원도 영월군 영월읍 990-2 번지,033-375-7053,128.4704981,37.18450364
3199,강원도 화천군 화천읍 1-5 번지 2층,033-441-7053,127.7602589,38.12307667
3198,강원도 춘천시 죽림동 189 번지,1544-1122,127.7277089,37.87804175
3197,강원도 홍천군 홍천읍 134-11 번지 홍천군문화센터 1층,033-433-7053,127.9199102,37.69953546
3046,강원도 원주시 단계동 877-1 번지,1544-1122,127.9309407,37.34486764
3043,강원도 강릉시 임당동 119-3 번지,033-645-7415,128.8966654,37.75477856
3042,강원도 동해시 천곡동 864 번지,1544-8855,129.1152154,37.52232928
3039,강원도 춘천시 퇴계동 1017 번지,1544-1122,127.743716,37.8505662
3031,강원도 원주시 단계동 873 번지,1544-0070,127.9297607,37.3450256
3025,강원도 속초시 조양동 1506-1 번지,1544-0070,128.5859111,38.18908617
3024,"강원도 원주시 단구동 1511-2 번지 스타월드 5,6층",1544-8855,127.9487281,37.33084957
2303,"경기도 수원시 팔달구 매산로1가 18 번지 (매산로1가, 수원역사 6층)",02-1544-0070,126.999891,37.26616836
2302,"경기도 파주시 문발로 284, 비동 4층 롯데시네마(문발동, 롯데프리미엄아울렛)",1544-8855,126.6925496,37.71809333
2301,경기도 동두천시 생연동 483-030 번지 364-1,,127.057722,37.90580772
2300,경기도 구리시 갈매동 552-4 번지 B2F,1544-1122,127.1231209,37.63570256
2299,"경기도 화성시 송동 725-1 번지 더샵 동탄센텀폴리스 1,2단지 5,6층",031-372-5064,127.1061981,37.16785599
2297,경기도 남양주시 화도읍 녹촌리 산19 번지 해동본타워,1544-1122,127.2957436,37.64942894
2296,경기도 고양시 일산동구 백석동 1242 번지 고양종합터미널 5~7F CGV 고양백석,1544-1122,126.789699,37.64323326
2294,경기도 용인시 처인구 역북동 89-18 번지,031-334-2299,127.1919224,37.24836329
2293,경기도 화성시 마도면 243-2 번지 마도문화센터 3층,031-355-2731,126.7790231,37.21077917
2292,경기도 남양주시 다산동 6143 번지 다산현대프리미어캠퍼스 지하 2층,1544-1122,127.1520194,37.61329705
2291,경기도 고양시 일산서구 대화동 2307-16 번지 케이트리 201호,031-540-2400,126.7481029,37.66846196
2290,경기도 군포시 금정동 916 번지 AK플라자 금정점 지하1층~지상2층,1544-0070,126.9448589,37.37232244
2289,경기도 광명시 소하동 1344 번지 광명G타워 지하1층~지하2층,1544-0070,126.8941358,37.44582312
2288,경기도 수원시 권선구 호매실동 1397-2 번지 아진스퀘어 7~8층,1544-0070,126.9643336,37.25874894
2287,경기도 광명시 일직동 514 번지 GIDC B2층 CGV광명역,1544-1122,126.8869052,37.42284009
2286,경기도 동두천시 생연동 616-2 번지,031-863-3000,127.0557794,37.90827085
2285,경기도 화성시 동탄면 송리 726-1 번지 라크몽 B1,031-8058-8992,126.9162557,37.15266119
2284,경기도 평택시 장당동 154-2 번지 평택고덕아이파크 103동 3층,031-668-6424,127.0691253,37.03382983
2283,경기도 가평군 조종면 410-6 번지 3층,02-323-1718,127.3481805,37.8178599
2282,경기도 시흥시 능곡동 235-1 번지 6F 롯데시네마 시흥장현,02-1544-8855,126.8069453,37.37118654
2281,경기도 광명시 일직동 512-3 번지 B1 ~ B2층,02-1544-0070,126.8826472,37.41874916
2279,경기도 용인시 기흥구 구갈동 679 번지 기흥ICT밸리 B동 지하2층 CGV 기흥,,127.1193856,37.28003371
2278,경기도 광주시 도척면 534 번지 곤지암리조트 제1주차장,02-6004-5077,127.3174929,37.28034409
2277,경기도 화성시 오산동 967-157 번지 롯데백화점 7층 롯데시네마 동탄,02-1544-8855,127.0973215,37.20037727
2276,경기도 화성시 오산동 967-157 번지 롯데백화점 7층 롯데시네마 동탄,02-1544-8855,127.0973215,37.20037727
2275,경기도 하남시 덕풍동 831-1 번지 지하 1층,1544-8855,127.2041041,37.55888672
2273,경기도 김포시 풍무동 202-1 번지 5층,,126.7235296,37.60698738
2272,경기도 남양주시 별내동 1005 번지 지하 1~2층,02-1544-8855,127.1272973,37.64486038
2271,전라북도 부안군 부안읍 455-51 번지,063-582-1228,126.7261423,35.72425956
2270,경기도 하남시 망월동 1100 번지 힐스테이트 미사역 그랑파사쥬 3층 3074호,031-795-6344,127.1917726,37.56379414
2269,경기도 남양주시 다산동 6141 번지 3~5층,1544-0070,127.1527231,37.61610055
2268,경기도 안성시 공도읍 354 번지 스타필드 안성 3층,1544-0070,127.1992845,37.00317794
2266,경기도 파주시 야당동 1066 번지 601호,,126.7599338,37.71319203
2265,경기도 시흥시 정왕동 1734-2 번지 시화이마트 10층 CGV 정왕,031-434-1230,126.7366988,37.34605303
2264,경기도 수원시 장안구 천천동 516 번지 3층 롯데시네마,,126.9841024,37.30066063
2263,"경기도 포천시 소흘읍 110-3 번지 4,5층",,127.1354719,37.78154411
2262,경기도 용인시 기흥구 고매동 889 번지 리빙파워센터 4층,1544-0070,127.114864,37.22372208
2261,경기도 고양시 덕양구 행신동 762-2 번지 5층 (행신동),,126.8345051,37.61361208
2260,"경기도 양주시 옥정동 963-12 번지 7~8층 (옥정동, 씨네마엠디프라자)",,127.0921391,37.81941516
2259,경기도 수원시 영통구 하동 871-1 번지 갤러리아 백화점 광교점 10층,,127.0573013,37.28486222
2258,경기도 부천시 옥길동 745-5 번지 문영퀸즈파크옥길C동 8층 806호 CGV부천옥길,1544-1122,126.823206,37.46760756
2257,경기도 양주시 장흥면 44-18 번지,,126.950478,37.72455115
2256,경기도 화성시 무송동 681-535 번지 레이크꼬모 B2층(송동),,126.8514477,37.18847162
2255,경기도 포천시 영북면 514-6 번지,031-531-7718,127.2720134,38.09068459
2253,경기도 오산시 원동 124-3 번지,,127.078614,37.14406769
2252,경기도 부천시 옥길동 768 번지,02-1544-0070,126.8139419,37.46151633
2251,경기도 용인시 수지구 성복동 789 번지 롯데몰 수지점 5층,,127.0828406,37.3126632
2250,경기도 화성시 봉담읍 564 번지 2층 221호(프리미엄원희캐슬봉담 ),,126.9399139,37.21912625
2249,경기도 수원시 권선구 금곡동 1114-1 번지 리더스빌딩 10층,02-1544-8855,126.9540909,37.27500416
2248,경기도 포천시 소흘읍 41 번지,031-541-5442,127.139193,37.77616189
2247,경기 가평군 가평읍 석봉로 100,,127.5134766,37.82228738
2246,경기도 용인시 처인구 역북동 802 번지 더와이스퀘어 5층(역북동),,127.1882911,37.2354302
2245,경기도 용인시 기흥구 청덕동 556 번지 용인테크노밸리 A동 지하1층,02-1544-0070,127.1480522,37.29139955
2244,경기도 성남시 수정구 신흥동 4124 번지 신흥역 시네마타워 8~11층,1544-8855,127.1464438,37.44130432
2243,경기도 하남시 학암동 660 번지 스타필드시티위례 5층,,127.1483985,37.48003703
2241,경기도 용인시 기흥구 보라동 308 번지 한국민속촌 자동차극장,031-288-0000,127.1144063,37.25735249
2240,경기도 김포시 구래동 6882-4 번지 두원타워 8층,1544-0070,126.6245065,37.64492924
2239,경기도 부천시 중동 1156 번지,,126.7659098,37.50291802
2238,경기도 용인시 기흥구 구갈동 234 번지,,127.1183525,37.27390422
2237,경기도 용인시 수지구 광교중앙로 295번길 9 W스퀘어 2층,1544-1122,127.0681155,37.2968948
2236,경기도 안성시 석정동 139-1 번지 CGV안성,031-677-3790,127.2571993,37.01216815
2235,"경기도 하남시 망월동 1079-2 번지 4,5층",1544-0070,127.1896363,37.56640382
2234,경기도 화성시 오산동 967-164 번지,010-3409-5303,127.0960371,37.19987683
2233,경기도 시흥시 정왕동 2537-2 번지 베니스스퀘어 7층,,126.7306508,37.36816528
2232,경기도 용인시 처인구 김량장동 301-3 번지 5~8층,031-337-3421,127.2059977,37.23505332
2231,경기도 광주시 역동 16-1 번지,,127.2584599,37.40757842
2230,경기도 성남시 수정구 창곡동 505 번지,070-7239-2200,127.1412573,37.47304482
2229,경기도 고양시 덕양구 동산동 370 번지 스타필드고양 4층,1544-0070,126.8947881,37.6470835
2228,경기도 시흥시 배곧동 199-1 번지 M플러스 7층,02-1544-0070,126.7300753,37.36993009
2226,경기도 파주시 야당동 483-3 번지 에스비프라자 3층,1544-0070,126.7587304,37.7057729
2225,경기도 파주시 목동동 927 번지 17 홈플러스 3층,02-3470-3499,126.7367655,37.72952589
2224,경기도 화성시 향남읍 하길리 1410-1 번지 701호,02-1544-8855,126.9112529,37.08754611
2223,경기도 하남시 신장동 616 번지 스타필드 하남 4층,1544-0070,127.2236968,37.54548481
2222,경기도 고양시 일산동구 백석동 1237 번지 벨라시타 2층,1544-0070,126.792729,37.64244275
2221,"경기도 의정부시 민락동 804-6 번지 해동타워 8,9층",02-1544-8855,127.0965101,37.7442335
2220,"경기도 구리시 인창동 676-2 번지 2-7층 (인창동, 구리맥스)",,127.1420646,37.60181079
2219,경기도 파주시 탄현면 1652-26 번지,031-942-1031,126.6976497,37.79160298
2218,경기도 의정부시 민락동 813-3 번지 메가타워 5층,1544-0070,127.09575,37.74584389
2217,경기도 안양시 만안구 안양동 676-1 번지 9~13층,02-1544-8855,126.9202523,37.39974354
2216,경기도 군포시 산본동 1145-6 번지 10층 (산본동),02-1544-8855,126.9306876,37.35780533
2214,경기도 안양시 동안구 호계동 1039-3 번지 뉴코아 아울렛 11층,1544-1122,126.9511919,37.3891817
2213,경기도 성남시 수정구 시흥동 296-3 번지 파미어스몰 지하 1층 롯데시네마 판교관,02-1544-8855,127.0982499,37.41371661
2212,경기도 부천시 원미구 심곡동 175-6 번지,1544-8855,126.7924829,37.49421207
2211,경기도 안산시 단원구 고잔동 541-1 번지,031-480-3827,126.8389792,37.31715626
2209,경기도 고양시 덕양구 화정동 966-1 번지 시네마플러스 401호,1544-1122,126.8331832,37.63582187
2208,경기도 광주시 경안동 25-3 번지 광주버스터미널2층,1544-8855,127.2612739,37.40956744
2205,경기도 안양시 동안구 호계동 1039 번지,1544-8855,126.9504817,37.39022709
2204,경기도 안양시 동안구 호계동 1039 번지,1544-8855,126.9504817,37.39022709
2202,경기도 양주시 광사동 651-1 번지 해동센트럴타워 9층,1544-0070,127.0801125,37.79619537
2200,경기도 평택시 비전동 1090-2 번지 로이드빌딩 5층 CGV평택소사,,127.1114972,37.00046891
2199,경기도 고양시 일산서구 주엽동 22 번지 그랜드백화점일산점 10층,1544-8855,126.7611681,37.67099979
2189,경기도 양평군 양평읍 422-2 번지,031-771-2154,127.4891363,37.49114795
2188,경기도 용인시 기흥구 중동 833 번지 쥬네브썬월드 7001호,1544-1122,127.1517028,37.27804272
2187,경기도 부천시 원미구 중동 1141-2 번지,1544-8855,126.7924829,37.49421207
2185,경기도 화성시 반송동 96 번지 메타폴리스 A블럭 3층,1544-1122,127.0688788,37.20494138
2184,경기도 남양주시 진접읍 1081-2 번지,1544-8855,127.1866672,37.71201992
2183,경기도 군포시 산본동 1142-2 번지 대우디오플러스 4층,1544-1122,126.9333841,37.35888207
2182,경기도 시흥시 정왕동 2327-2 번지,1544-8855,126.7417337,37.35146003
2180,경기도 고양시 일산서구 대화동 2602 번지 레이킨스몰 3층,1544-0070,126.7515016,37.66792124
2179,경기도 안양시 동안구 관양동 1606 번지 8층,1544-1122,126.9622554,37.392984
2176,"경기도 평택시 평택동 185-579 번지 (평택동, 평택민자역사 8층)",1544-1122,127.0859126,36.99089607
2175,경기도 평택시 서정동 818-36 번지,1544-8855,127.0610167,37.06721085
2172,경기도 수원시 영통구 영통동 960-1 번지 롯데쇼핑플라자 5층,1544-0070,127.0715825,37.2526802
2169,경기도 시흥시 대야동 568-1 번지,1544-1122,126.7917063,37.44698291
2150,"경기도 부천시 원미구 상동 539-1 번지 소풍6층, 7층",1544-1122,126.7924829,37.49421207
2149,경기도 파주시 탄현면 265-10 번지,031-945-0609,126.7352737,37.83399027
2141,경기도 오산시 원동 763-21 번지 오산시네마타운 5층 사무실,1544-8855,127.0703912,37.14605159
2140,경기도 평택시 현덕면 321 번지,031-682-0410,126.9658275,36.95784019
2126,"경기도 고양시 일산동구 장항동 868 번지 (장항동, 웨스턴돔 3층)",1544-1122,126.772642,37.65477595
2125,경기도 용인시 수지구 죽전동 1285 번지 신세계백화점 8층,1544-1122,127.108137,37.32500821
2124,경기도 안산시 단원구 고잔동 539-2 번지 7~10층,1544-8855,126.838038,37.31857121
2122,"경기도 남양주시 호평동 640 번지 메인시네마타워 8,9층",1544-0070,127.2440762,37.65507321
2119,경기도 화성시 병점동 844-1 번지,1544-8855,127.0425889,37.21381862
2118,"경기도 안산시 단원구 고잔동 725-1 번지 (고잔동, NC백화점 A관 6층)",1544-1122,126.8310474,37.31389056
2117,경기도 수원시 장안구 조원동 893 번지 아일렛타운 4층,1544-1122,127.007451,37.30352012
2116,경기도 수원시 팔달구 인계동 1113-11 번지 씨네파크 7층,1544-1122,127.0322604,37.26395354
2114,경기도 오산시 원동 300-8 번지 씨네마아울렛 5층,1544-0070,127.0738937,37.14227144
2113,경기도 부천시 괴안동 113-1 번지 역곡 하이뷰 6층,1544-1122,126.8109932,37.48443833
2112,경기도 성남시 중원구 성남동 3499 번지 뉴코아아울렛 9~10층,,127.1297648,37.4313888
2107,경기도 안산시 상록구 성포동 590 번지 롯데마트 안산점 4층,1544-8855,126.847318,37.31742946
2106,경기도 안산시 상록구 성포동 590 번지 롯데마트 안산점 4층 (성포동 590),1544-8855,126.847318,37.31742946
2102,경기도 성남시 분당구 서현동 262-2 번지 4층,1544-0070,127.1223186,37.3855329
2097,경기도 파주시 문발동 510-1 번지 이채쇼핑몰 C동,1544-0070,126.6877817,37.71382451
2087,경기도 안산시 단원구 고잔동 535-1 번지 신양복합빌딩 9층,1544-0070,126.8356397,37.31794073
2085,"경기도 수원시 영통구 이의동 1338 번지 롯데아울렛 광교점 4,5층",,127.0559211,37.28624403
2075,경기도 성남시 분당구 백현동 541 번지 현대백화점 8층,1544-1122,127.112028,37.3927758
2074,경기도 동두천시 생연동 828-2 번지,031-867-3030,127.0520258,37.90880216
2073,경기도 동두천시 생연동 616-2 번지,031-865-2480,127.0557794,37.90827085
2072,경기도 화성시 반송동 93-2 번지 동탄SR GOLD PLAZA 7층,1544-0070,127.0727963,37.2045432
2068,경기도 안산시 단원구 고잔동 717-2 번지,,126.8289247,37.30878394
2063,"경기도 광명시 광명동 150-19 번지 크로앙스 7,8층",1544-8855,126.8556327,37.47945272
2061,경기도 이천시 중리동 201-1 번지,1544-1122,127.4440948,37.27971927
2059,경기도 고양시 일산동구 장항동 764 번지 라페스타 C 3층,1544-8855,126.768586,37.66156694
2057,경기도 부천시 중동 1164 번지 현대백화점 중동점 U-PLEX 5층,1544-1122,126.7621803,37.50428658
2055,경기도 구리시 인창동 419-7 번지 6~8층 롯데시네마,1544-8855,127.1405308,37.61185971
2054,"경기도 남양주시 별내동 936-4 번지 (별내동,황산빌딩)",1544-0070,127.1265865,37.65580838
2052,경기도 파주시 금촌동 329-158 번지 MH타워 4층,1544-0070,126.774729,37.76491827
2050,경기도 광명시 일직동 500 번지 롯데프리미엄아울렛 광명점 5층,1544-8855,126.8834588,37.42416983
2049,경기도 수원시 권선구 서둔동 296-77 번지,1544-8855,126.9981511,37.26768769
2048,경기도 김포시 운양동 1296-9 번지,1544-1122,126.6840835,37.65483247
2047,경기도 성남시 분당구 서현동 256 번지 서현동 비전월드빌딩,1544-1122,127.1224437,37.38735919
2046,경기도 파주시 문산읍 892 번지 (3층),1544-1122,126.784094,37.8666403
2045,경기도 부천시 원미구 심곡동 383-1 번지 심곡동 시네마존 6층~8층,1544-1122,126.7924829,37.49421207
2042,경기도 평택시 비전동 830-1 번지 뉴코아 아울렛 백화점 10층,1544-8855,127.1125439,36.99544904
2041,경기도 김포시 걸포동 1574-3 번지,1544-1122,126.7072886,37.63220809
2040,"경기도 의정부시 의정부동 494 번지 센트럴타워 14,15층",1544-1122,127.0435898,37.73803509
2038,경기도 광명시 철산동 436 번지 덕수빌딩 4층,1544-1122,126.8697507,37.47510025
2037,경기도 수원시 팔달구 팔달로3가 84-5 번지,1544-0070,127.0159093,37.27628631
2036,경기도 안양시 동안구 관양동 1502-6 번지 아이퍼스트타워 7층,1544-8855,126.9761476,37.40033435
2035,경기도 남양주시 화도읍 255-24 번지 롯데마트 마석점,1544-8855,127.3093984,37.65034972
2019,경기도 안양시 만안구 안양동 88-1 번지,1544-8855,126.9200735,37.40503974
2011,경기도 성남시 분당구 야탑동 341 번지 테마폴리스 B2F,1544-1122,127.1273264,37.41309429
2010,경기도 성남시 분당구 구미동 159 번지 월드쇼핑 4층,1544-1122,127.1069707,37.34004544
2007,경기도 수원시 권선구 권선동 1189 번지 수원버스터미널 4층,1544-0070,127.0208849,37.25044169
1293,서울특별시 강남구 역삼동 816 번지 지하 3층,,127.0269163,37.50037587
1291,서울특별시 양천구 목동 916 번지 현대백화점 목동점 지하2층~지하3층,1544-0070,126.8750346,37.52685398
1290,서울특별시 동작구 신대방동 686-48 번지 B2F 롯데시네마 신대방,02-1544-8855,126.9052296,37.48631642
1289,서울특별시 도봉구 방학동 707-6 번지 모비우스스퀘어 8층,1544-1122,127.0436656,37.66533777
1286,부산광역시 부산진구 부전동 521-1 번지 KT&G 상상마당부산 8~12층,,129.0572993,35.15426017
1284,서울특별시 서초구 서초동 1335 번지 B2층,,127.0261779,37.48908721
1283,서울특별시 마포구 동교동 167-2 번지 LC TOWER 7~10층,1544-1122,126.9259043,37.55767104
1282,서울특별시 서대문구 연희동 194-25 번지 스페이스독 지하1층,070-7780-0962,126.9309297,37.5651583
1281,서울특별시 중랑구 묵동 234-1 번지 롯데시네마 중랑,02-1544-8855,127.0760087,37.61514351
1277,서울특별시 강남구 도곡동 174-3 번지 롯데시네마 도곡,02-3470-3493,127.047131,37.48745258
1274,서울특별시 성동구 성수동1가 656-335 번지 메가박스 스퀘어 3층,1544-0070,127.0449555,37.54186996
1272,서울특별시 마포구 동교동 160-4 번지 아일렉스 7층,02-1544-0070,126.9220933,37.55606631
1271,서울특별시 성북구 동선동1가 1-2 번지 유타몰 10~12층,,127.0171768,37.59260528
1270,서울특별시 강서구 등촌동 639-23 번지 브릭시티몰 3층 CGV 등촌,1544-1122,126.8560459,37.55786692
1269,울산광역시 북구 진장동 120-9 번지 2층 CGV 울산진장,,129.3536803,35.57633374
1268,서울특별시 광진구 군자동 477-12 번지,02-482-8746,127.0783377,37.55578883
1267,"서울특별시 마포구 성산동 515 번지 경기장 지하1층, 지상1,2층",02-1544-0070,126.8984107,37.56944834
1258,서울특별시 강동구 성내동 549-1 번지,02-482-8746,127.1251491,37.52853144
1257,서울특별시 강북구 수유동 168-12 번지,,127.0298532,37.64239225
1251,서울특별시 광진구 자양동 9-4 번지 몰오브케이 3층,1544-1122,127.0669342,37.53978737
1248,서울특별시 구로구 구로동 3-25 번지 신도림테크노마트 11층~14층,,126.890319,37.50697347
1247,서울특별시 중구 을지로6가 17-2 번지,,127.0077324,37.56864337
1246,서울특별시 강서구 마곡동 797-1 번지 퀸즈파크나인 B동 4층 메가박스 마곡지점,02-1544-0070,126.8352227,37.55930217
1245,서울특별시 용산구 한강로3가 40-999 번지 아이파크몰 6층,,126.9641565,37.52955711
1244,서울특별시 강북구 번동 449-1 번지 10~14층,02-1544-8855,127.0238177,37.63569267
1243,서울특별시 도봉구 창동 715-14 번지,02-1544-0070,127.0387723,37.65460076
1242,서울특별시 강남구 신사동 532-1 번지 대원빌딩 B2,070-8233-4321,127.0220201,37.52300733
1241,서울특별시 송파구 문정동 618 번지 204동 지하1층,02-1544-0070,127.1236662,37.48060439
1240,서울특별시 노원구 상계동 727-1 번지 조광빌딩 지하 1층,02-951-0206,127.0614398,37.65416016
1239,"서울특별시 은평구 진관동 79-31, 롯데몰 5층",02-1544-8855,126.9179908,37.63692055
1237,서울특별시 종로구 신문로2가 1-181 번지 복합문화공간에무,02-730-5604,126.9690207,37.57207774
1236,서울특별시 중랑구 상봉동 501 번지 상봉듀오트리스 B2F,1544-1122,127.0922414,37.59744027
1235,서울특별시 노원구 상계동 1132-35 번지 3~9층,1544-8855,127.0556507,37.67655784
1234,서울특별시 강서구 등촌동 73-1 번지 롯데시네마 가양,070-7434-4064,126.8532673,37.56161067
1230,서울특별시 강동구 천호동 42 번지 홈플러스 4층,1544-1122,127.1422507,37.54571757
1228,서울특별시 강서구 화곡동 1073-10 번지 메가스퀘어 4층,1544-0070,126.8375681,37.54058672
1227,서울특별시 종로구 낙원동 288 번지 낙원상가 4층,02-3672-4232,126.9876448,37.57221713
1226,서울특별시 금천구 독산동 291-5 번지,1544-8855,126.8974528,37.46940707
1225,"서울특별시 송파구 신천동 29 번지 신천동,엔터동롯데시네마(5~11F)",1544-8855,127.1034332,37.51310087
1224,"서울특별시 송파구 신천동 29 번지 신천동, 엔터동롯데시네마(5~11F)",1544-8855,127.1034332,37.51310087
1222,서울특별시 마포구 동교동 159-8 번지 동교동,1544-1122,126.9227568,37.55642354
1221,전라북도 무주군 무주읍 1199-3 번지 무주예체문화관 2층,063-322-7053,127.6066693,35.99980241
1217,"서울특별시 구로구 신도림동 692 번지 디큐브시티 제타워동 7,8층 일부",1544-8855,126.8888975,37.50858459
1216,서울특별시 노원구 중계동 506-1 번지 건영백화점 지하1층,1544-1122,127.0647543,37.63882629
1210,전라북도 김제시 검산동 산62-1 번지 김제시 지평선 시네마,063-547-1501,126.9009673,35.81464711
1208,서울특별시 용산구 한강로3가 16-9 번지 용산전자랜드4~5F,1544-8855,126.9597279,37.53281443
1207,경기도 안성시 공도읍 306 번지,1544-8855,127.1996132,37.00781463
1205,서울특별시 서대문구 창천동 20-25 번지,1544-1122,126.9402322,37.55656147
1203,서울특별시 노원구 중계동 509-2 번지,1544-1122,127.0686083,37.63991833
1202,서울특별시 금천구 가산동 60-8 번지,1544-8855,126.8890846,37.47758175
1198,서울특별시 관악구 봉천동 862-1 번지 에그옐로우 10층,1544-8855,126.9522029,37.48101784
1197,서울특별시 동작구 사당동 147-53 번지 골든시네마 12층,070-7017-4526,126.9815225,37.48476399
1195,서울특별시 마포구 서교동 490 번지 메세나폴리스 2층 롯데시네마,1544-8855,126.9137822,37.55093442
1194,강원도 강릉시 옥천동 189 번지 씨네몰 6~8층,1544-1122,128.8986779,37.75570084
1193,서울특별시 마포구 동교동 166-14 번지 동교동 스타피카소 8층,02-738-0366,126.9247581,37.55719126
1192,경기도 의정부시 의정부동 168 번지,1544-1122,127.046294,37.73753614
1189,서울특별시 강서구 방화동 886 번지,1544-8855,126.802992,37.56505927
1188,서울특별시 강서구 방화동 886 번지 외6필지,1544-8855,126.802992,37.56505927
1186,서울특별시 강남구 신사동 651-21 번지,1544-1122,127.0370481,37.52289357
1169,서울특별시 강남구 역삼동 816 번지,,127.0269163,37.50037587
1166,서울특별시 광진구 화양동 1 번지 건국대학교 예술디자인대학 B108호 KU시네마테크,02-446-6579,127.0737251,37.54254081
1165,서울특별시 중구 충정로1가 68 번지 문화일보사건물,02-3672-4235,126.9686899,37.56710886
1164,서울특별시 동대문구 전농동 591-53 번지,1544-8855,127.0469921,37.58097657
1163,서울특별시 중구 충무로2가 65-9 번지 하이해리엇 10층,1544-1122,126.9853544,37.56133069
1159,서울특별시 중랑구 상봉동 130-3 번지 메가박스빌딩 4층,1544-0070,127.0746814,37.59323266
1158,서울특별시 영등포구 영등포동4가 442 번지 경방 타임스퀘어 4~7층,1544-1122,126.903341,37.51707531
1156,서울특별시 송파구 문정동 634 번지 가든파이브 라이프 영관 10층,1544-1122,127.1249961,37.47764829
1155,서울특별시 관악구 신림동 1641-2 번지 타임스트림 10층~15층,1544-8855,126.9301738,37.48383591
1154,서울특별시 성동구 행당동 168-151 번지 (왕십리 민자역사 5층),1544-1122,127.038382,37.56128867
1151,서울특별시 중구 을지로6가 18-21 번지 굿모닝시티 9층~11층,1544-0070,127.0072809,37.56687296
1149,서울특별시 서대문구 대신동 85 번지 하늬솔빌딩 지하 1층,02-363-2537,126.9445167,37.56412838
1148,서울특별시 서대문구 대현동 11-1 번지 이화여자대학교 이화캠퍼스콤플렉스(지하4층),02-747-7782,126.9474536,37.56256074
1146,서울특별시 마포구 서교동 367-5 번지 상상마당빌딩 지하 4층,02-330-6243,126.9210327,37.55099957
1144,서울특별시 마포구 동교동 166-14 번지 와이즈파크 8층,1544-8855,126.9247581,37.55719126
1128,서울특별시 강남구 신사동 602 번지,1544-1122,127.0294108,37.52434185
1127,서울특별시 종로구 명륜2가 41-9 번지 판타지움빌딩 1층,1544-1122,126.9998465,37.58346426
1125,서울특별시 동작구 사당동 147-53 번지 골든시네마타워 7~11층,1544-0070,126.9815225,37.48476399
1124,서울특별시 강북구 미아동 35-4 번지 트레지오쇼핑몰 9층,1544-1122,127.030716,37.61205757
1123,서울특별시 강남구 역삼동 814-6 번지 스타플렉스 4층~11층,1544-1122,127.0263748,37.50165186
1122,서울특별시 광진구 자양동 227-7 번지,1544-8855,127.072632,37.53780278
1121,서울특별시 광진구 자양동 227-7 번지,1544-8855,127.072632,37.53780278
1117,서울특별시 서대문구 신촌동 74-12 번지,1544-0070,126.9419177,37.55979454
1112,서울특별시 양천구 목동 917-6 번지 행복한백화점 6층 메가박스 목동지점,1544-0070,126.8760836,37.5293731
1111,서울특별시 강남구 신사동 602 번지,1544-1122,127.0294108,37.52434185
1109,서울특별시 노원구 상계동 713 번지 롯데백화점 10층,1544-8855,127.0610785,37.65514405
1106,서울특별시 은평구 대조동 240 번지 팜스퀘어 11층,1544-1122,126.9290036,37.60972102
1105,서울특별시 중구 남대문로2가 130 번지,1544-8855,126.9819232,37.5640966
1104,서울특별시 영등포구 영등포동 618-496 번지 A동 7~9층,1544-8855,126.9073725,37.51592291
1103,서울 종로구 낙원동 284-6 낙원상가4층,02-3672-4232,126.9878097,37.57258501
1102,서울특별시 중구 남대문로2가 130 번지,1544-8855,126.9819232,37.5640966
1101,서울특별시 서초구 서초동 1317-20 번지 아라타워 8층,1544-0070,127.0265377,37.49794468
1099,서울특별시 종로구 돈의동 137 번지,1544-1122,126.9912284,37.57103513
1098,서울특별시 성북구 돈암동 538-98 번지,02-3291-5540,127.0139029,37.5999193
1096,서울특별시 강동구 성내동 44-1 번지,1544-8855,127.125337,37.53661978
1088,서울특별시 용산구 한강로3가 40-999 번지 아이파크몰 6층,1544-1122,126.9641565,37.52955711
1083,서울특별시 종로구 신문로1가 226 번지 흥국생명빌딩 지하 2층,02-2002-7770,126.9722882,37.56972849
1071,서울특별시 강남구 논현동 3-5 번지,1544-8855,127.0219366,37.51644375
1066,서울특별시 중구 필동2가 19-1 번지,02-3393-3500,126.9953516,37.56107312
1062,서울특별시 중구 정동 22 번지 경향아트힐 2층,02-741-9782,126.9699921,37.56816983
1057,서울특별시 중구 명동2가 83-5 번지 아바타빌딩 8층,1544-1122,126.9828904,37.56341287
1034,서울특별시 영등포구 여의도동 23 번지 국제금융센터 지하3층,1544-1122,126.9252982,37.52497819
1030,서울특별시 서초구 반포동 19-3 번지 센트럴시티빌딩 지하1층,1544-0070,127.0036211,37.50436375
1017,서울특별시 구로구 구로동 573 번지 NC신구로점 6층,1544-1122,126.8828391,37.50117606
1016,서울특별시 광진구 구의동 546-4 번지 테크노마트 10층,1544-1122,127.0957647,37.53569936
1003,서울특별시 강남구 삼성동 159 번지,1544-0070,127.0588192,37.5125208
432,경기도 양평군 양평읍 365-9 번지,031-773-7893,127.5420169,37.46884556
